Workbook

Sheet AUDIT-Q
B1: A U D I T C A T E G O R Y | C1: ='List of JPs'!B3 -> 0 | D1: ='List of JPs'!B4 -> 0 | E1: ='List of JPs'!B5 -> 0 | F1: ='List of JPs'!B6 -> 0 | G1: ='List of JPs'!B7 -> 0 | H1: ='List of JPs'!B8 -> 0 | I1: ='List of JPs'!B9 -> 0 | J1: ='List of JPs'!B10 -> 0 | K1: ='List of JPs'!B11 -> 0 | L1: ='List of JPs'!B12 -> 0 | M1: ='List of JPs'!B13 -> 0 | N1: ='List of JPs'!B14 -> 0 | O1: ='List of JPs'!B15 -> 0 | P1: ='List of JPs'!B16 -> 0 | Q1: ='List of JPs'!B17 -> 0 | R1: ='List of JPs'!B18 -> 0 | S1: ='List of JPs'!B19 -> 0 | T1: ='List of JPs'!B20 -> 0 | U1: ='List of JPs'!B21 -> 0 | V1: ='List of JPs'!B22 -> 0 | W1: ='List of JPs'!B23 -> 0 | X1: ='List of JPs'!B24 -> 0 | Y1: ='List of JPs'!B25 -> 0 | Z1: ='List of JPs'!B26 -> 0 | AA1: ='List of JPs'!B27 -> 0 | AB1: ='List of JPs'!B28 -> 0 | AC1: ='List of JPs'!B29 -> 0 | AD1: ='List of JPs'!B30 -> 0 | AE1: ='List of JPs'!B31 -> 0 | AF1: ='List of JPs'!B32 -> 0 | AG1: ='List of JPs'!B33 -> 0
B2: DEDAC
A3: 1.1 | B3: Is DEDAC available in Job Folder?
A4: 1.2 | B4: Is AFC JP available in Job Folder and uploaded to E1?
A5: 1.3 | B5: Does the rev of JP in the project folder corresponds to the rev of JP in E1?
A6: 1.4 | B6: Is the MOC number indicated in the header table of AFC JP in E1?
A7: 1.5 | B7: If MOC number is being indicated, is Functional Review Checklist included in the 5. Reviews, MOC job folder? Is documentation for this MOC record in MOC IT Tool Application on the Web? Is link to MOC IT Tool Application folder in 5. Reviews, MOC job folder?
A8: 1.6 | B8: Have all relevant boxes of DEDAC QAQC Checklist and Work Processes Checklist been completed. i.e. N/A is marked for questions not relevant to this Job Pack? Is the native file and pdf copy in the folder? Is the pdf copy dated before to engineer jp signature date?
A9: 1.7 | B9: If applicable, was a redlined and signed P&ID saved in job folder?
A10: 1.8 | B10: Does the JP Proposed Solution match what is actually being implemented?
A11: 1.11 | B11: Does new/modified piping design comply with all applicable TCO and Industry standards and regulations?
B12: Welding
A13: 2.1 | B13: Is generic WPS (specified on Piping ISO drawing(s) or Repair Plan?
A14: =+A13+0.1 -> 2.2 | B14: If the project involves API Line Pipe or Equipment other than Piping, is the WPS confirmation with MI documented in the project folder?
A15: =+A14+0.1 -> 2.3 | B15: If PWHT is required, are the PWHT requirements specified in the JP and noted on the Piping ISO/Repair Plan?
A16: =+A15+0.1 -> 2.4 | B16: Are NDE and hardness testing requirements specified to be completed AFTER PWHT?
A17: =+A16+0.1 -> 2.5 | B17: If project involves repairs or modifications to ASME or GOST pressure vessels with PWHT requirements, is the e-mail confirmation with the Reliability Lead Inspector and MI Specialist saved in the project folder?
A18: =+A17+0.1 -> 2.6 | B18: Is engineered PWHT procedure (e.g. for modified GOST/ASME vessel) included in the JP?
A19: =+A18+0.1 -> 2.7 | B19: Is hydrogen bake-out required?
A20: =+A19+0.1 -> 2.8 | B20: Is hydrogen bake-out specified prior to welding?
A21: 2.9 | B21: Is the e-mail that contains consultation with MI group for hydrogen bake-out questions (regarding piping repairs/modifications) saved in the project folder?
A22: 2.1 | B22: Has Thermal Stress due to PWHT/H2Bake-out on installed Piping or Equipment been considered? Were any connected Piping, Attachments or Restraints specified to be removed/disconnected? Were Dead Weight Supports added to sustain Structural Integrity? Has this been noted in the Procedure?
B23: Hot Tap
A24: 3.1 | B24: Are the words "Hot Tap" included in the title of JP and the copy of hot tap permit (orange sheet) included in the Job Pack?
A25: 3.2 | B25: Does the Job Pack comply with the requirements of SI-121 Hot Tapping?
A26: 3.3 | B26: Is the hydrotest calculation in Excel format for hot tapping included in the Job Folder and PDF format included in the Job Pack?
A27: 3.4 | B27: Can it be demonstrated that all other options, to Hot Tapping or Stoppling, have been exhausted? This includes deferring the work till the next Facility Turnaround/Shutdown.
A28: 3.5 | B28: Does the Job Pack include a scanned copy of the SI-121 Checklist with Part 1 duly signed off by the responsible Design Engineer (Project Engineer)?
A29: 3.6 | B29: Stoppling Job Pack shall also include (apart from everything else required as per SI-121): a) Stoppling Material List, b) Stoppling Schematic and c) Stoppling Contractor Method Statement. Is JP complete?
A30: 3.7 | B30: Has Operations' Emergency Procedure, for abandoning a Hot Tap or Stopple been prepared, fully signed off and attached to the Job Pack?
B31: NDE
A32: 4.1 | B32: Is the right type and % of NDE specified (i.e. 5% PT/MT, 100% RT, 100% VT)?
A33: 4.2 | B33: If there is more than one pipe class, are NDE requirements listed separately for each pipe class?
A34: 4.3 | B34: If the project involves equipment other than piping, are NDE requirements confirmed by the Reliability Lead Inspector documented in the job folder?
A35: 4.4 | B35: If Welding of New Pipe to Existing Pipe Required, are instructions noted in the Job Pack to perform NDE at the proposed tie-in point prior to beginning mechanical work? Is a note about requirement to perform NDE included on the ISO drawing?
B36: Golden Weld (Closure Weld)
B37: Are the following documents attached to the Request?
A38: 5.1 | B38: · P&ID and / or Isometric drawing with the Golden Weld(s) clearly identified.
A39: 5.2 | B39: · Inspection and Test Plan
A40: 5.3 | B40: · Weld Procedure and Procedure Qualification Record
A41: 5.4 | B41: Is a copy of approved Golden Weld Request form attached to JP?
A42: 5.5 | B42: If multiple piping isometrics require Golden Weld, is a separate Golden Weld request prepared for each piping isometric/drawing?
A43: 5.6 | B43: Can we demonstrate that all other options, to performing a Golden Joint, have been exhausted (e.g. using a Test Plug, introducing Break Flanges or performing a Service Test)? Is yellow lined Guide to Determine Leak Test Requirement of Piping Field Welds been placed in the project folder?
B44: Hydrotest (Pressure Testing)
A45: 6.1 | B45: Are hydrotest pressures clearly stated on the Piping Isometrics?
A46: 6.2 | B46: Was a Field Weld Leak Test Requirements flow diagram marked up to show the pressure test decision, agreed with Operations Supervisor or TASP Mechanical Coordinator and saved in the job folder. (TA to include in JP for IFRC and AFC approval)
A47: 6.3 | B47: Is hydro-test specified in the Job Pack to be completed AFTER PWHT (if applicable) and BEFORE Coating (if applicable)?
A48: 6.4 | B48: If different test pressures apply (e.g. Shop and Field Scopes), are test breaks been clearly indicated? Does Piping of different Pressure Ratings (Line Classes) feature on separate Piping ISO’s?
A49: 6.5 | B49: Can we eliminate Field Pressure Testing by replacing an entire spool rather than welding to the existing Spool?
A50: 6.6 | B50: Can existing support(s) and new support(s) accommodate the water weight (e.g. elevated Vent and Flare Lines)?
A51: 6.7 | B51: Does design allow high point vents and low point drains? Are there any piping pockets that can be eliminated?
A52: 6.8 | B52: Do we run a risk that Expanding Hydro-test Media (or Process Commodity for that matter), trapped in any blocked-in cavity, can lead to yielding and/or associated Failure? Does our Design feature the appropriate Thermal Relief Devices or Mitigation?
A53: 6.9 | B53: Can we introduce water in the System (e.g. Refractory-lined)?
A54: 6.1 | B54: Are there any risks associated with not being able to drain out all water (e.g. Startup Water Hammer)?
A55: 6.11 | B55: Does the Piping or Equipment need to be completely dry prior to seeing service (e.g. Instrument Air or Sour Gas Pipeline)?
A56: 6.12 | B56: In the case of Jacketed Piping, is the inner (process) pipe specified to be tested based on the highest pressure of the Process and of the Jacketing Medium?
... A63: 6.19 | B63: Is a "Category "D" Piping" Label shown on the Piping ISO and only VT=100% shown in the NDT box.
B64: Piping Support
A65: 7.1 | B65: Are Pipe supports designed per PIM-DU-5153-TCO?
A66: 7.2 | B66: If Spring Cans or Spring Hangers are used, does Job Pack include instructions to perform site inspection to verify the correct location, proper installation, and that the travel stops are removed?
A67: 7.3 | B67: Does the Piping feature any other Proprietary Pipe Supports (e.g. Sway-braces, Snubbers, Rigid Struts, Riser Clamps, Hanger-rods, Pipe Rollers, PTFE Bearing Pads) that justify QC HOLD Points and/or the Responsible DE Engineer or EC performing site inspection to ensure proper installation and functioning? Is this noted in the Job Pack and on related drawings?
A68: 7.4 | B68: Are all Pipe Support Ancillaries (e.g. Pipe Clamps, Turn-buckles, Eye-Nuts, etc) included on a MR or related detailed drawings included in the Job Pack?
A69: 7.5 | B69: Are nipoflanges used for unsupported small bore piping branch connections to 2” and larger pipe headers?
A70: 7.6 | B70: Are gussets required and installed per PIM-DU-5153-TCO section 7.13, detail GSW1 and GSW101 or approved equal?
A71: 7.7 | B71: Is CAESAR II stress analysis required per PIM-DU-5155-TCO for new or modified piping? Are results properly documented in the job folder?
B72: Materials
A73: 8.1 | B73: Are the materials ordered per Minimum Design Temperature? Is Minimum Design Metal Temperature (MDMT) of (-)40oC included in specification for new or replacement fabricated equipment, such as heat exchanger bundles and pressure vessels?"
A74: 8.2 | B74: If equipment is fabricated with carbon steel plate, is ASTM or SA 516 Grade 70 Normalized Carbon Steel specified?"
A75: 8.3 | B75: Is NACE MR0175/ISO15156 specified when ordering metallic materials?
A76: 8.4 | B76: Are applicable Industry Codes included in the Material Requisition (MR), such as ASME, ANSI, ASTM, API, GOST, etc.?
A77: 8.5 | B77: Are applicable TCO and Chevron specifications included in MR, such as TCO Pressure Vessel Specification, TCO Heat Exchanger Bundle Specification, etc.?
A78: 8.6 | B78: Does this JP deal with Safety Relief Valves (SRV)? Is copy of PSV/SSV data-sheet included in the job folder?
A79: 8.7 | B79: Do Safety Valves comply with TES FRS-DU-5056-TCO, FRS-SU-5032-TCO and FRS-SU-5033-TCO?
B80: Galvanic Cell Corrosion
A81: 9.1 | B81: Are Insulating Flange Kits (IFKs) required? Have Pikotek been specified?
A82: 9.2 | B82: Have they been allocated SP Numbers that are indicated on P&IDs?
A83: 9.3 | B83: Is correspondence with MI documented to determine potential for galvanic corrosion or referenced Chevron Corrosion Manual and documented in the job folder?
A84: 9.4 | B84: Has an IWR been generated to involve I&E?
A85: 9.5 | B85: Is Impressed Current Cathodic Protection (ICCP) being inadvertently compromised on Pipelines by un-isolated Pipe Supports and/or by Instrumentation downstream of Monolithic Insulation Joints?
A86: 9.6 | B86: Is sufficient Flanged Interfaces been provided for I&E to insulate Instrumentation?
A87: 9.7 | B87: If Monolithic Insulation Joints are being installed on Sour Gas Pipeline, have the Insulation Joints been ordered complete with Pups welded on and PWHT performed Ex-works?
A88: 9.8 | B88: Is Continuity Testing noted in the Job Pack and specified on the Piping ISO to ensure that Flange Insulation Kit / Insulation Joint Integrity is intact following Construction?
B89: Safety in Designs
A90: 10.1 | B90: Does the new mechanical design comply with Safety In Designs (SID)?
A91: 10.2 | B91: Does our Job file include a General Arrangement drawing where it is important to demonstrate SID Compliance, specifically in terms of Emergency Egress?
A92: 10.3 | B92: Was a Constructability Review needed and completed?
A93: 10.4 | B93: Have we ensured that Valve Access and Instrument access complies with TCO Specifications?
B94: Miscellaneous
A95: 11.1 | B95: If Repairs or Modifications to GGT Registered Equipment are required, is an Equipment Repair Plan issued which specifies step-by-step instructions, procedures and hold-points?
A96: 11.2 | B96: Where Paint and Protective Coatings for Piping and Equipment is required, is it specified per COM-SU-5191-TCO and appropriate COATING SYSTEM DATA SHEET included in the Job Pack?
A97: 11.3 | B97: Is Insulation for Piping and Equipment specified per IRM-SU-1381/2634/3865/4197 and COM-SU-5220? Is appropriate insulation table(s) marked up indicating correct thickness and filed in the job folder?
A98: 11.4 | B98: If steam tracing is indicated in the Job Pack, are the mechanical details included in the JP? Does MR include those materials?
A99: 11.5 | B99: If the project involves repair/installation of corrosion coupons, is the appropriate corrosion coupon specified and purchased?
A100: 11.6 | B100: If the project involves refractory, was it specified correctly?
A101: 11.7 | B101: If Job Pack requires installation of an orifice flange, is a note added to the ISO to plug and 2-pass seal-weld the unutilized tapping(s) on the flange?

Sheet Criteria
B2: NA | C2: Not Applicable
B3: 0 – No Issues | C3: No issues
B4: 1 – Design | C4: Design issue: examples wrong WPS, does not comply with standard, etc.
B5: 2 – Documentation | C5: Documentation issue: DEDAC, e-mails, files, etc. are missing in the project folder
B6: 3 – Incomplete | C6: Not enough information is available or too difficult to assess and answer the question
B7: 4 – Error | C7: Technical or human errors, omissions made by engineer like omitting important steps in procedure, not marking boxes properly (missing "N/A"'s)

Sheet RESULTS
B1: A U D I T C A T E G O R Y | C1: =Criteria!B2 -> NA | D1: =Criteria!B3 -> 0 – No Issues | E1: =Criteria!B4 -> 1 – Design | F1: =Criteria!B5 -> 2 – Documentation | G1: =Criteria!B6 -> 3 – Incomplete | H1: =Criteria!B7 -> 4 – Error
A2: 1 | B2: DEDAC | C2: =SUM(C3:C11) -> 0 | D2: =SUM(D3:D11) -> 0 | E2: =SUM(E3:E11) -> 0 | F2: =SUM(F3:F11) -> 0 | G2: =SUM(G3:G11) -> 0 | H2: =SUM(H3:H11) -> 0
A3: 1.1 | B3: Is DEDAC available in Job Folder? | C3: =IF('AUDIT-Q'!$C3=0,"",COUNTIF('AUDIT-Q'!$C3:$J3,RESULTS!C$1)) | D3: =IF('AUDIT-Q'!$C3=0,"",COUNTIF('AUDIT-Q'!$C3:$J3,RESULTS!D$1)) | E3: =IF('AUDIT-Q'!$C3=0,"",COUNTIF('AUDIT-Q'!$C3:$J3,RESULTS!E$1)) | F3: =IF('AUDIT-Q'!$C3=0,"",COUNTIF('AUDIT-Q'!$C3:$J3,RESULTS!F$1)) | G3: =IF('AUDIT-Q'!$C3=0,"",COUNTIF('AUDIT-Q'!$C3:$J3,RESULTS!G$1)) | H3: =IF('AUDIT-Q'!$C3=0,"",COUNTIF('AUDIT-Q'!$C3:$J3,RESULTS!H$1))
A4: 1.2 | B4: Is AFC JP available in Job Folder and uploaded to E1? | C4: =IF('AUDIT-Q'!$C4=0,"",COUNTIF('AUDIT-Q'!$C4:$J4,RESULTS!C$1)) | D4: =IF('AUDIT-Q'!$C4=0,"",COUNTIF('AUDIT-Q'!$C4:$J4,RESULTS!D$1)) | E4: =IF('AUDIT-Q'!$C4=0,"",COUNTIF('AUDIT-Q'!$C4:$J4,RESULTS!E$1)) | F4: =IF('AUDIT-Q'!$C4=0,"",COUNTIF('AUDIT-Q'!$C4:$J4,RESULTS!F$1)) | G4: =IF('AUDIT-Q'!$C4=0,"",COUNTIF('AUDIT-Q'!$C4:$J4,RESULTS!G$1)) | H4: =IF('AUDIT-Q'!$C4=0,"",COUNTIF('AUDIT-Q'!$C4:$J4,RESULTS!H$1))
A5: 1.3 | B5: Do all drawings have the same revision number as the Job Pack uploaded in E1? | C5: =IF('AUDIT-Q'!$C5=0,"",COUNTIF('AUDIT-Q'!$C5:$J5,RESULTS!C$1)) | D5: =IF('AUDIT-Q'!$C5=0,"",COUNTIF('AUDIT-Q'!$C5:$J5,RESULTS!D$1)) | E5: =IF('AUDIT-Q'!$C5=0,"",COUNTIF('AUDIT-Q'!$C5:$J5,RESULTS!E$1)) | F5: =IF('AUDIT-Q'!$C5=0,"",COUNTIF('AUDIT-Q'!$C5:$J5,RESULTS!F$1)) | G5: =IF('AUDIT-Q'!$C5=0,"",COUNTIF('AUDIT-Q'!$C5:$J5,RESULTS!G$1)) | H5: =IF('AUDIT-Q'!$C5=0,"",COUNTIF('AUDIT-Q'!$C5:$J5,RESULTS!H$1))
A6: 1.4 | B6: Is the MOC number indicated in the header table of AFC JP in E1? | C6: =IF('AUDIT-Q'!$C6=0,"",COUNTIF('AUDIT-Q'!$C6:$J6,RESULTS!C$1)) | D6: =IF('AUDIT-Q'!$C6=0,"",COUNTIF('AUDIT-Q'!$C6:$J6,RESULTS!D$1)) | E6: =IF('AUDIT-Q'!$C6=0,"",COUNTIF('AUDIT-Q'!$C6:$J6,RESULTS!E$1)) | F6: =IF('AUDIT-Q'!$C6=0,"",COUNTIF('AUDIT-Q'!$C6:$J6,RESULTS!F$1)) | G6: =IF('AUDIT-Q'!$C6=0,"",COUNTIF('AUDIT-Q'!$C6:$J6,RESULTS!G$1)) | H6: =IF('AUDIT-Q'!$C6=0,"",COUNTIF('AUDIT-Q'!$C6:$J6,RESULTS!H$1))
A7: 1.5 | B7: If MOC number is being indicated, is the PHA/HAZOP documentation included in the job folder? Check documentation for this MOC record in MOC IT Tool Application on the Web. | C7: =IF('AUDIT-Q'!$C7=0,"",COUNTIF('AUDIT-Q'!$C7:$J7,RESULTS!C$1)) | D7: =IF('AUDIT-Q'!$C7=0,"",COUNTIF('AUDIT-Q'!$C7:$J7,RESULTS!D$1)) | E7: =IF('AUDIT-Q'!$C7=0,"",COUNTIF('AUDIT-Q'!$C7:$J7,RESULTS!E$1)) | F7: =IF('AUDIT-Q'!$C7=0,"",COUNTIF('AUDIT-Q'!$C7:$J7,RESULTS!F$1)) | G7: =IF('AUDIT-Q'!$C7=0,"",COUNTIF('AUDIT-Q'!$C7:$J7,RESULTS!G$1)) | H7: =IF('AUDIT-Q'!$C7=0,"",COUNTIF('AUDIT-Q'!$C7:$J7,RESULTS!H$1))
A8: 1.6 | B8: Have all relevant boxes of DEDAC been completed. i.e. N/A is marked for questions not relevant to this Job Pack? | C8: =IF('AUDIT-Q'!$C8=0,"",COUNTIF('AUDIT-Q'!$C8:$J8,RESULTS!C$1)) | D8: =IF('AUDIT-Q'!$C8=0,"",COUNTIF('AUDIT-Q'!$C8:$J8,RESULTS!D$1)) | E8: =IF('AUDIT-Q'!$C8=0,"",COUNTIF('AUDIT-Q'!$C8:$J8,RESULTS!E$1)) | F8: =IF('AUDIT-Q'!$C8=0,"",COUNTIF('AUDIT-Q'!$C8:$J8,RESULTS!F$1)) | G8: =IF('AUDIT-Q'!$C8=0,"",COUNTIF('AUDIT-Q'!$C8:$J8,RESULTS!G$1)) | H8: =IF('AUDIT-Q'!$C8=0,"",COUNTIF('AUDIT-Q'!$C8:$J8,RESULTS!H$1))
A9: 1.7 | B9: If applicable, was a redlined and signed project P&ID saved in job folder? | C9: =IF('AUDIT-Q'!$C9=0,"",COUNTIF('AUDIT-Q'!$C9:$J9,RESULTS!C$1)) | D9: =IF('AUDIT-Q'!$C9=0,"",COUNTIF('AUDIT-Q'!$C9:$J9,RESULTS!D$1)) | E9: =IF('AUDIT-Q'!$C9=0,"",COUNTIF('AUDIT-Q'!$C9:$J9,RESULTS!E$1)) | F9: =IF('AUDIT-Q'!$C9=0,"",COUNTIF('AUDIT-Q'!$C9:$J9,RESULTS!F$1)) | G9: =IF('AUDIT-Q'!$C9=0,"",COUNTIF('AUDIT-Q'!$C9:$J9,RESULTS!G$1)) | H9: =IF('AUDIT-Q'!$C9=0,"",COUNTIF('AUDIT-Q'!$C9:$J9,RESULTS!H$1))
A10: 1.8 | B10: Does the JP Proposed Solution match what is actually being implemented? | C10: =IF('AUDIT-Q'!$C10=0,"",COUNTIF('AUDIT-Q'!$C10:$J10,RESULTS!C$1)) | D10: =IF('AUDIT-Q'!$C10=0,"",COUNTIF('AUDIT-Q'!$C10:$J10,RESULTS!D$1)) | E10: =IF('AUDIT-Q'!$C10=0,"",COUNTIF('AUDIT-Q'!$C10:$J10,RESULTS!E$1)) | F10: =IF('AUDIT-Q'!$C10=0,"",COUNTIF('AUDIT-Q'!$C10:$J10,RESULTS!F$1)) | G10: =IF('AUDIT-Q'!$C10=0,"",COUNTIF('AUDIT-Q'!$C10:$J10,RESULTS!G$1)) | H10: =IF('AUDIT-Q'!$C10=0,"",COUNTIF('AUDIT-Q'!$C10:$J10,RESULTS!H$1))
A11: 1.11 | B11: Does new/modified piping design comply with all applicable TCO and Industry standards and regulations? | C11: =IF('AUDIT-Q'!$C11=0,"",COUNTIF('AUDIT-Q'!$C11:$J11,RESULTS!C$1)) | D11: =IF('AUDIT-Q'!$C11=0,"",COUNTIF('AUDIT-Q'!$C11:$J11,RESULTS!D$1)) | E11: =IF('AUDIT-Q'!$C11=0,"",COUNTIF('AUDIT-Q'!$C11:$J11,RESULTS!E$1)) | F11: =IF('AUDIT-Q'!$C11=0,"",COUNTIF('AUDIT-Q'!$C11:$J11,RESULTS!F$1)) | G11: =IF('AUDIT-Q'!$C11=0,"",COUNTIF('AUDIT-Q'!$C11:$J11,RESULTS!G$1)) | H11: =IF('AUDIT-Q'!$C11=0,"",COUNTIF('AUDIT-Q'!$C11:$J11,RESULTS!H$1))
A12: 2 | B12: Welding | C12: =SUM(C13:C25) -> #REF! | D12: =SUM(D13:D25) -> #REF! | E12: =SUM(E13:E25) -> #REF! | F12: =SUM(F13:F25) -> #REF! | G12: =SUM(G13:G25) -> #REF! | H12: =SUM(H13:H25) -> #REF!
A13: 2.1 | B13: Is the right Weld Procedure Specification (WPS) specified? | C13: =IF('AUDIT-Q'!#REF!=0,"",COUNTIF('AUDIT-Q'!#REF!,RESULTS!C$1)) -> #REF! | D13: =IF('AUDIT-Q'!#REF!=0,"",COUNTIF('AUDIT-Q'!#REF!,RESULTS!D$1)) -> #REF! | E13: =IF('AUDIT-Q'!#REF!=0,"",COUNTIF('AUDIT-Q'!#REF!,RESULTS!E$1)) -> #REF! | F13: =IF('AUDIT-Q'!#REF!=0,"",COUNTIF('AUDIT-Q'!#REF!,RESULTS!F$1)) -> #REF! | G13: =IF('AUDIT-Q'!#REF!=0,"",COUNTIF('AUDIT-Q'!#REF!,RESULTS!G$1)) -> #REF! | H13: =IF('AUDIT-Q'!#REF!=0,"",COUNTIF('AUDIT-Q'!#REF!,RESULTS!H$1)) -> #REF!
A14: 2.2 | B14: Is WPS specified in the JP Description of Work and Piping ISO drawing(s) or Repair Plan? | C14: =IF('AUDIT-Q'!$C13=0,"",COUNTIF('AUDIT-Q'!$C13:$J13,RESULTS!C$1)) | D14: =IF('AUDIT-Q'!$C13=0,"",COUNTIF('AUDIT-Q'!$C13:$J13,RESULTS!D$1)) | E14: =IF('AUDIT-Q'!$C13=0,"",COUNTIF('AUDIT-Q'!$C13:$J13,RESULTS!E$1)) | F14: =IF('AUDIT-Q'!$C13=0,"",COUNTIF('AUDIT-Q'!$C13:$J13,RESULTS!F$1)) | G14: =IF('AUDIT-Q'!$C13=0,"",COUNTIF('AUDIT-Q'!$C13:$J13,RESULTS!G$1)) | H14: =IF('AUDIT-Q'!$C13=0,"",COUNTIF('AUDIT-Q'!$C13:$J13,RESULTS!H$1))
A15: 2.3 | B15: Is a copy of the WPS included in the JP? | C15: =IF('AUDIT-Q'!#REF!=0,"",COUNTIF('AUDIT-Q'!#REF!,RESULTS!C$1)) -> #REF! | D15: =IF('AUDIT-Q'!#REF!=0,"",COUNTIF('AUDIT-Q'!#REF!,RESULTS!D$1)) -> #REF! | E15: =IF('AUDIT-Q'!#REF!=0,"",COUNTIF('AUDIT-Q'!#REF!,RESULTS!E$1)) -> #REF! | F15: =IF('AUDIT-Q'!#REF!=0,"",COUNTIF('AUDIT-Q'!#REF!,RESULTS!F$1)) -> #REF! | G15: =IF('AUDIT-Q'!#REF!=0,"",COUNTIF('AUDIT-Q'!#REF!,RESULTS!G$1)) -> #REF! | H15: =IF('AUDIT-Q'!#REF!=0,"",COUNTIF('AUDIT-Q'!#REF!,RESULTS!H$1)) -> #REF!
A16: 2.4 | B16: If the project involves API Line Pipe or Equipment other than Piping, is the WPS confirmation with MI documented in the project folder? | C16: =IF('AUDIT-Q'!$C14=0,"",COUNTIF('AUDIT-Q'!$C14:$J14,RESULTS!C$1)) | D16: =IF('AUDIT-Q'!$C14=0,"",COUNTIF('AUDIT-Q'!$C14:$J14,RESULTS!D$1)) | E16: =IF('AUDIT-Q'!$C14=0,"",COUNTIF('AUDIT-Q'!$C14:$J14,RESULTS!E$1)) | F16: =IF('AUDIT-Q'!$C14=0,"",COUNTIF('AUDIT-Q'!$C14:$J14,RESULTS!F$1)) | G16: =IF('AUDIT-Q'!$C14=0,"",COUNTIF('AUDIT-Q'!$C14:$J14,RESULTS!G$1)) | H16: =IF('AUDIT-Q'!$C14=0,"",COUNTIF('AUDIT-Q'!$C14:$J14,RESULTS!H$1))
A17: 2.5 | B17: If there is no TCO-approved procedure available, is Contractor-qualified WPS developed? Has the WPS and PQR been fully signed off by the Contractor and approved by MI? | C17: =IF('AUDIT-Q'!#REF!=0,"",COUNTIF('AUDIT-Q'!#REF!,RESULTS!C$1)) -> #REF! | D17: =IF('AUDIT-Q'!#REF!=0,"",COUNTIF('AUDIT-Q'!#REF!,RESULTS!D$1)) -> #REF! | E17: =IF('AUDIT-Q'!#REF!=0,"",COUNTIF('AUDIT-Q'!#REF!,RESULTS!E$1)) -> #REF! | F17: =IF('AUDIT-Q'!#REF!=0,"",COUNTIF('AUDIT-Q'!#REF!,RESULTS!F$1)) -> #REF! | G17: =IF('AUDIT-Q'!#REF!=0,"",COUNTIF('AUDIT-Q'!#REF!,RESULTS!G$1)) -> #REF! | H17: =IF('AUDIT-Q'!#REF!=0,"",COUNTIF('AUDIT-Q'!#REF!,RESULTS!H$1)) -> #REF!
A18: 2.6 | B18: If PWHT is required, are the PWHT requirements specified in the JP and noted on the Piping ISO/Repair Plan? | C18: =IF('AUDIT-Q'!$C15=0,"",COUNTIF('AUDIT-Q'!$C15:$J15,RESULTS!C$1)) | D18: =IF('AUDIT-Q'!$C15=0,"",COUNTIF('AUDIT-Q'!$C15:$J15,RESULTS!D$1)) | E18: =IF('AUDIT-Q'!$C15=0,"",COUNTIF('AUDIT-Q'!$C15:$J15,RESULTS!E$1)) | F18: =IF('AUDIT-Q'!$C15=0,"",COUNTIF('AUDIT-Q'!$C15:$J15,RESULTS!F$1)) | G18: =IF('AUDIT-Q'!$C15=0,"",COUNTIF('AUDIT-Q'!$C15:$J15,RESULTS!G$1)) | H18: =IF('AUDIT-Q'!$C15=0,"",COUNTIF('AUDIT-Q'!$C15:$J15,RESULTS!H$1))
A19: 2.7 | B19: Are NDE and hardness testing requirements specified to be completed AFTER PWHT? | C19: =IF('AUDIT-Q'!$C16=0,"",COUNTIF('AUDIT-Q'!$C16:$J16,RESULTS!C$1)) | D19: =IF('AUDIT-Q'!$C16=0,"",COUNTIF('AUDIT-Q'!$C16:$J16,RESULTS!D$1)) | E19: =IF('AUDIT-Q'!$C16=0,"",COUNTIF('AUDIT-Q'!$C16:$J16,RESULTS!E$1)) | F19: =IF('AUDIT-Q'!$C16=0,"",COUNTIF('AUDIT-Q'!$C16:$J16,RESULTS!F$1)) | G19: =IF('AUDIT-Q'!$C16=0,"",COUNTIF('AUDIT-Q'!$C16:$J16,RESULTS!G$1)) | H19: =IF('AUDIT-Q'!$C16=0,"",COUNTIF('AUDIT-Q'!$C16:$J16,RESULTS!H$1))
A20: 2.8 | B20: If project involves repairs or modifications to ASME or GOST pressure vessels with PWHT requirements, is the e-mail confirmation with the Reliability Lead Inspector and MI Specialist saved in the project folder? | C20: =IF('AUDIT-Q'!$C17=0,"",COUNTIF('AUDIT-Q'!$C17:$J17,RESULTS!C$1)) | D20: =IF('AUDIT-Q'!$C17=0,"",COUNTIF('AUDIT-Q'!$C17:$J17,RESULTS!D$1)) | E20: =IF('AUDIT-Q'!$C17=0,"",COUNTIF('AUDIT-Q'!$C17:$J17,RESULTS!E$1)) | F20: =IF('AUDIT-Q'!$C17=0,"",COUNTIF('AUDIT-Q'!$C17:$J17,RESULTS!F$1)) | G20: =IF('AUDIT-Q'!$C17=0,"",COUNTIF('AUDIT-Q'!$C17:$J17,RESULTS!G$1)) | H20: =IF('AUDIT-Q'!$C17=0,"",COUNTIF('AUDIT-Q'!$C17:$J17,RESULTS!H$1))
A21: 2.9 | B21: Is engineered PWHT procedure (e.g. for modified GOST/ASME vessel) included in the JP? | C21: =IF('AUDIT-Q'!$C18=0,"",COUNTIF('AUDIT-Q'!$C18:$J18,RESULTS!C$1)) | D21: =IF('AUDIT-Q'!$C18=0,"",COUNTIF('AUDIT-Q'!$C18:$J18,RESULTS!D$1)) | E21: =IF('AUDIT-Q'!$C18=0,"",COUNTIF('AUDIT-Q'!$C18:$J18,RESULTS!E$1)) | F21: =IF('AUDIT-Q'!$C18=0,"",COUNTIF('AUDIT-Q'!$C18:$J18,RESULTS!F$1)) | G21: =IF('AUDIT-Q'!$C18=0,"",COUNTIF('AUDIT-Q'!$C18:$J18,RESULTS!G$1)) | H21: =IF('AUDIT-Q'!$C18=0,"",COUNTIF('AUDIT-Q'!$C18:$J18,RESULTS!H$1))
A22: 2.1 | B22: Is hydrogen bake-out required? | C22: =IF('AUDIT-Q'!$C19=0,"",COUNTIF('AUDIT-Q'!$C19:$J19,RESULTS!C$1)) | D22: =IF('AUDIT-Q'!$C19=0,"",COUNTIF('AUDIT-Q'!$C19:$J19,RESULTS!D$1)) | E22: =IF('AUDIT-Q'!$C19=0,"",COUNTIF('AUDIT-Q'!$C19:$J19,RESULTS!E$1)) | F22: =IF('AUDIT-Q'!$C19=0,"",COUNTIF('AUDIT-Q'!$C19:$J19,RESULTS!F$1)) | G22: =IF('AUDIT-Q'!$C19=0,"",COUNTIF('AUDIT-Q'!$C19:$J19,RESULTS!G$1)) | H22: =IF('AUDIT-Q'!$C19=0,"",COUNTIF('AUDIT-Q'!$C19:$J19,RESULTS!H$1))
A23: 2.11 | B23: Is hydrogen bake-out specified prior to welding? | C23: =IF('AUDIT-Q'!$C20=0,"",COUNTIF('AUDIT-Q'!$C20:$J20,RESULTS!C$1)) | D23: =IF('AUDIT-Q'!$C20=0,"",COUNTIF('AUDIT-Q'!$C20:$J20,RESULTS!D$1)) | E23: =IF('AUDIT-Q'!$C20=0,"",COUNTIF('AUDIT-Q'!$C20:$J20,RESULTS!E$1)) | F23: =IF('AUDIT-Q'!$C20=0,"",COUNTIF('AUDIT-Q'!$C20:$J20,RESULTS!F$1)) | G23: =IF('AUDIT-Q'!$C20=0,"",COUNTIF('AUDIT-Q'!$C20:$J20,RESULTS!G$1)) | H23: =IF('AUDIT-Q'!$C20=0,"",COUNTIF('AUDIT-Q'!$C20:$J20,RESULTS!H$1))
A24: 2.12 | B24: Is the e-mail that contains consultation with MI group for hydrogen bake-out questions (regarding piping repairs/modifications) saved in the project folder? | C24: =IF('AUDIT-Q'!$C21=0,"",COUNTIF('AUDIT-Q'!$C21:$J21,RESULTS!C$1)) | D24: =IF('AUDIT-Q'!$C21=0,"",COUNTIF('AUDIT-Q'!$C21:$J21,RESULTS!D$1)) | E24: =IF('AUDIT-Q'!$C21=0,"",COUNTIF('AUDIT-Q'!$C21:$J21,RESULTS!E$1)) | F24: =IF('AUDIT-Q'!$C21=0,"",COUNTIF('AUDIT-Q'!$C21:$J21,RESULTS!F$1)) | G24: =IF('AUDIT-Q'!$C21=0,"",COUNTIF('AUDIT-Q'!$C21:$J21,RESULTS!G$1)) | H24: =IF('AUDIT-Q'!$C21=0,"",COUNTIF('AUDIT-Q'!$C21:$J21,RESULTS!H$1))
A25: 2.13 | B25: Has Thermal Stress due to PWHT/H2Bake-out on installed Piping or Equipment been considered? Were any connected Piping, Attachments or Restraints specified to be removed/disconnected? Were Dead Weight Supports added to sustain Structural Integrity? Has this been noted in the Procedure? | C25: =IF('AUDIT-Q'!$C22=0,"",COUNTIF('AUDIT-Q'!$C22:$J22,RESULTS!C$1)) | D25: =IF('AUDIT-Q'!$C22=0,"",COUNTIF('AUDIT-Q'!$C22:$J22,RESULTS!D$1)) | E25: =IF('AUDIT-Q'!$C22=0,"",COUNTIF('AUDIT-Q'!$C22:$J22,RESULTS!E$1)) | F25: =IF('AUDIT-Q'!$C22=0,"",COUNTIF('AUDIT-Q'!$C22:$J22,RESULTS!F$1)) | G25: =IF('AUDIT-Q'!$C22=0,"",COUNTIF('AUDIT-Q'!$C22:$J22,RESULTS!G$1)) | H25: =IF('AUDIT-Q'!$C22=0,"",COUNTIF('AUDIT-Q'!$C22:$J22,RESULTS!H$1))
A26: 3 | B26: Hot Tap | C26: =SUM(C27:C33) -> 0 | D26: =SUM(D27:D33) -> 0 | E26: =SUM(E27:E33) -> 0 | F26: =SUM(F27:F33) -> 0 | G26: =SUM(G27:G33) -> 0 | H26: =SUM(H27:H33) -> 0
A27: 3.1 | B27: Are the words "Hot Tap" included in the title of JP and the copy of hot tap permit (orange sheet) included in the Job Pack? | C27: =IF('AUDIT-Q'!$C24=0,"",COUNTIF('AUDIT-Q'!$C24:$J24,RESULTS!C$1)) | D27: =IF('AUDIT-Q'!$C24=0,"",COUNTIF('AUDIT-Q'!$C24:$J24,RESULTS!D$1)) | E27: =IF('AUDIT-Q'!$C24=0,"",COUNTIF('AUDIT-Q'!$C24:$J24,RESULTS!E$1)) | F27: =IF('AUDIT-Q'!$C24=0,"",COUNTIF('AUDIT-Q'!$C24:$J24,RESULTS!F$1)) | G27: =IF('AUDIT-Q'!$C24=0,"",COUNTIF('AUDIT-Q'!$C24:$J24,RESULTS!G$1)) | H27: =IF('AUDIT-Q'!$C24=0,"",COUNTIF('AUDIT-Q'!$C24:$J24,RESULTS!H$1))
A28: 3.2 | B28: Does the Job Pack comply with the requirements of SI-121 Hot Tapping? | C28: =IF('AUDIT-Q'!$C25=0,"",COUNTIF('AUDIT-Q'!$C25:$J25,RESULTS!C$1)) | D28: =IF('AUDIT-Q'!$C25=0,"",COUNTIF('AUDIT-Q'!$C25:$J25,RESULTS!D$1)) | E28: =IF('AUDIT-Q'!$C25=0,"",COUNTIF('AUDIT-Q'!$C25:$J25,RESULTS!E$1)) | F28: =IF('AUDIT-Q'!$C25=0,"",COUNTIF('AUDIT-Q'!$C25:$J25,RESULTS!F$1)) | G28: =IF('AUDIT-Q'!$C25=0,"",COUNTIF('AUDIT-Q'!$C25:$J25,RESULTS!G$1)) | H28: =IF('AUDIT-Q'!$C25=0,"",COUNTIF('AUDIT-Q'!$C25:$J25,RESULTS!H$1))
A29: 3.3 | B29: Is the hydrotest calculation in Excel format for hot tapping included in the Job Folder and PDF format included in the Job Pack? | C29: =IF('AUDIT-Q'!$C26=0,"",COUNTIF('AUDIT-Q'!$C26:$J26,RESULTS!C$1)) | D29: =IF('AUDIT-Q'!$C26=0,"",COUNTIF('AUDIT-Q'!$C26:$J26,RESULTS!D$1)) | E29: =IF('AUDIT-Q'!$C26=0,"",COUNTIF('AUDIT-Q'!$C26:$J26,RESULTS!E$1)) | F29: =IF('AUDIT-Q'!$C26=0,"",COUNTIF('AUDIT-Q'!$C26:$J26,RESULTS!F$1)) | G29: =IF('AUDIT-Q'!$C26=0,"",COUNTIF('AUDIT-Q'!$C26:$J26,RESULTS!G$1)) | H29: =IF('AUDIT-Q'!$C26=0,"",COUNTIF('AUDIT-Q'!$C26:$J26,RESULTS!H$1))
A30: 3.4 | B30: Can it be demonstrated that all other options, to Hot Tapping or Stoppling, have been exhausted? This includes deferring the work till the next Facility Turnaround/Shutdown. | C30: =IF('AUDIT-Q'!$C27=0,"",COUNTIF('AUDIT-Q'!$C27:$J27,RESULTS!C$1)) | D30: =IF('AUDIT-Q'!$C27=0,"",COUNTIF('AUDIT-Q'!$C27:$J27,RESULTS!D$1)) | E30: =IF('AUDIT-Q'!$C27=0,"",COUNTIF('AUDIT-Q'!$C27:$J27,RESULTS!E$1)) | F30: =IF('AUDIT-Q'!$C27=0,"",COUNTIF('AUDIT-Q'!$C27:$J27,RESULTS!F$1)) | G30: =IF('AUDIT-Q'!$C27=0,"",COUNTIF('AUDIT-Q'!$C27:$J27,RESULTS!G$1)) | H30: =IF('AUDIT-Q'!$C27=0,"",COUNTIF('AUDIT-Q'!$C27:$J27,RESULTS!H$1))
A31: 3.5 | B31: Does the Job Pack include a scanned copy of the SI-121 Checklist with Part 1 duly signed off by the responsible Design Engineer (Project Engineer)? | C31: =IF('AUDIT-Q'!$C28=0,"",COUNTIF('AUDIT-Q'!$C28:$J28,RESULTS!C$1)) | D31: =IF('AUDIT-Q'!$C28=0,"",COUNTIF('AUDIT-Q'!$C28:$J28,RESULTS!D$1)) | E31: =IF('AUDIT-Q'!$C28=0,"",COUNTIF('AUDIT-Q'!$C28:$J28,RESULTS!E$1)) | F31: =IF('AUDIT-Q'!$C28=0,"",COUNTIF('AUDIT-Q'!$C28:$J28,RESULTS!F$1)) | G31: =IF('AUDIT-Q'!$C28=0,"",COUNTIF('AUDIT-Q'!$C28:$J28,RESULTS!G$1)) | H31: =IF('AUDIT-Q'!$C28=0,"",COUNTIF('AUDIT-Q'!$C28:$J28,RESULTS!H$1))
A32: 3.6 | B32: Stoppling Job Pack shall also include (apart from everything else required as per SI-121): a) Stoppling Material List, b) Stoppling Schematic and c) Stoppling Contractor Method Statement. Is JP complete? | C32: =IF('AUDIT-Q'!$C29=0,"",COUNTIF('AUDIT-Q'!$C29:$J29,RESULTS!C$1)) | D32: =IF('AUDIT-Q'!$C29=0,"",COUNTIF('AUDIT-Q'!$C29:$J29,RESULTS!D$1)) | E32: =IF('AUDIT-Q'!$C29=0,"",COUNTIF('AUDIT-Q'!$C29:$J29,RESULTS!E$1)) | F32: =IF('AUDIT-Q'!$C29=0,"",COUNTIF('AUDIT-Q'!$C29:$J29,RESULTS!F$1)) | G32: =IF('AUDIT-Q'!$C29=0,"",COUNTIF('AUDIT-Q'!$C29:$J29,RESULTS!G$1)) | H32: =IF('AUDIT-Q'!$C29=0,"",COUNTIF('AUDIT-Q'!$C29:$J29,RESULTS!H$1))
A33: 3.7 | B33: Has Operations' Emergency Procedure, for abandoning a Hot Tap or Stopple been prepared, fully signed off and attached to the Job Pack? | C33: =IF('AUDIT-Q'!$C30=0,"",COUNTIF('AUDIT-Q'!$C30:$J30,RESULTS!C$1)) | D33: =IF('AUDIT-Q'!$C30=0,"",COUNTIF('AUDIT-Q'!$C30:$J30,RESULTS!D$1)) | E33: =IF('AUDIT-Q'!$C30=0,"",COUNTIF('AUDIT-Q'!$C30:$J30,RESULTS!E$1)) | F33: =IF('AUDIT-Q'!$C30=0,"",COUNTIF('AUDIT-Q'!$C30:$J30,RESULTS!F$1)) | G33: =IF('AUDIT-Q'!$C30=0,"",COUNTIF('AUDIT-Q'!$C30:$J30,RESULTS!G$1)) | H33: =IF('AUDIT-Q'!$C30=0,"",COUNTIF('AUDIT-Q'!$C30:$J30,RESULTS!H$1))
A34: 4 | B34: NDE | C34: =SUM(C35:C38) -> 0 | D34: =SUM(D35:D38) -> 0 | E34: =SUM(E35:E38) -> 0 | F34: =SUM(F35:F38) -> 0 | G34: =SUM(G35:G38) -> 0 | H34: =SUM(H35:H38) -> 0
A35: 4.1 | B35: Is the right type and % of NDE specified (i.e. 5% PT/MT, 100% RT, 100% VT)? | C35: =IF('AUDIT-Q'!$C32=0,"",COUNTIF('AUDIT-Q'!$C32:$J32,RESULTS!C$1)) | D35: =IF('AUDIT-Q'!$C32=0,"",COUNTIF('AUDIT-Q'!$C32:$J32,RESULTS!D$1)) | E35: =IF('AUDIT-Q'!$C32=0,"",COUNTIF('AUDIT-Q'!$C32:$J32,RESULTS!E$1)) | F35: =IF('AUDIT-Q'!$C32=0,"",COUNTIF('AUDIT-Q'!$C32:$J32,RESULTS!F$1)) | G35: =IF('AUDIT-Q'!$C32=0,"",COUNTIF('AUDIT-Q'!$C32:$J32,RESULTS!G$1)) | H35: =IF('AUDIT-Q'!$C32=0,"",COUNTIF('AUDIT-Q'!$C32:$J32,RESULTS!H$1))
A36: 4.2 | B36: If there is more than one pipe class, are NDE requirements listed separately for each pipe class? | C36: =IF('AUDIT-Q'!$C33=0,"",COUNTIF('AUDIT-Q'!$C33:$J33,RESULTS!C$1)) | D36: =IF('AUDIT-Q'!$C33=0,"",COUNTIF('AUDIT-Q'!$C33:$J33,RESULTS!D$1)) | E36: =IF('AUDIT-Q'!$C33=0,"",COUNTIF('AUDIT-Q'!$C33:$J33,RESULTS!E$1)) | F36: =IF('AUDIT-Q'!$C33=0,"",COUNTIF('AUDIT-Q'!$C33:$J33,RESULTS!F$1)) | G36: =IF('AUDIT-Q'!$C33=0,"",COUNTIF('AUDIT-Q'!$C33:$J33,RESULTS!G$1)) | H36: =IF('AUDIT-Q'!$C33=0,"",COUNTIF('AUDIT-Q'!$C33:$J33,RESULTS!H$1))
A37: 4.3 | B37: If the project involves equipment other than piping, are NDE requirements confirmed by the Reliability Lead Inspector documented in the job folder? | C37: =IF('AUDIT-Q'!$C34=0,"",COUNTIF('AUDIT-Q'!$C34:$J34,RESULTS!C$1)) | D37: =IF('AUDIT-Q'!$C34=0,"",COUNTIF('AUDIT-Q'!$C34:$J34,RESULTS!D$1)) | E37: =IF('AUDIT-Q'!$C34=0,"",COUNTIF('AUDIT-Q'!$C34:$J34,RESULTS!E$1)) | F37: =IF('AUDIT-Q'!$C34=0,"",COUNTIF('AUDIT-Q'!$C34:$J34,RESULTS!F$1)) | G37: =IF('AUDIT-Q'!$C34=0,"",COUNTIF('AUDIT-Q'!$C34:$J34,RESULTS!G$1)) | H37: =IF('AUDIT-Q'!$C34=0,"",COUNTIF('AUDIT-Q'!$C34:$J34,RESULTS!H$1))
A38: 4.4 | B38: If Welding of New Pipe to Existing Pipe Required, are instructions noted in the Job Pack to perform NDE at the proposed tie-in point prior to beginning mechanical work? Is a note about requirement to perform NDE included on the ISO drawing? | C38: =IF('AUDIT-Q'!$C35=0,"",COUNTIF('AUDIT-Q'!$C35:$J35,RESULTS!C$1)) | D38: =IF('AUDIT-Q'!$C35=0,"",COUNTIF('AUDIT-Q'!$C35:$J35,RESULTS!D$1)) | E38: =IF('AUDIT-Q'!$C35=0,"",COUNTIF('AUDIT-Q'!$C35:$J35,RESULTS!E$1)) | F38: =IF('AUDIT-Q'!$C35=0,"",COUNTIF('AUDIT-Q'!$C35:$J35,RESULTS!F$1)) | G38: =IF('AUDIT-Q'!$C35=0,"",COUNTIF('AUDIT-Q'!$C35:$J35,RESULTS!G$1)) | H38: =IF('AUDIT-Q'!$C35=0,"",COUNTIF('AUDIT-Q'!$C35:$J35,RESULTS!H$1))
A39: 5 | B39: Golden Weld (Closure Weld) | C39: =SUM(C40:C46) -> 0 | D39: =SUM(D40:D46) -> 0 | E39: =SUM(E40:E46) -> 0 | F39: =SUM(F40:F46) -> 0 | G39: =SUM(G40:G46) -> 0 | H39: =SUM(H40:H46) -> 0
B40: Are the following documents attached to the Request? | C40: =IF('AUDIT-Q'!$C37=0,"",COUNTIF('AUDIT-Q'!$C37:$J37,RESULTS!C$1)) | D40: =IF('AUDIT-Q'!$C37=0,"",COUNTIF('AUDIT-Q'!$C37:$J37,RESULTS!D$1)) | E40: =IF('AUDIT-Q'!$C37=0,"",COUNTIF('AUDIT-Q'!$C37:$J37,RESULTS!E$1)) | F40: =IF('AUDIT-Q'!$C37=0,"",COUNTIF('AUDIT-Q'!$C37:$J37,RESULTS!F$1)) | G40: =IF('AUDIT-Q'!$C37=0,"",COUNTIF('AUDIT-Q'!$C37:$J37,RESULTS!G$1)) | H40: =IF('AUDIT-Q'!$C37=0,"",COUNTIF('AUDIT-Q'!$C37:$J37,RESULTS!H$1))
A41: 5.1 | B41: · P&ID and / or Isometric drawing with the Golden Weld(s) clearly identified. | C41: =IF('AUDIT-Q'!$C38=0,"",COUNTIF('AUDIT-Q'!$C38:$J38,RESULTS!C$1)) | D41: =IF('AUDIT-Q'!$C38=0,"",COUNTIF('AUDIT-Q'!$C38:$J38,RESULTS!D$1)) | E41: =IF('AUDIT-Q'!$C38=0,"",COUNTIF('AUDIT-Q'!$C38:$J38,RESULTS!E$1)) | F41: =IF('AUDIT-Q'!$C38=0,"",COUNTIF('AUDIT-Q'!$C38:$J38,RESULTS!F$1)) | G41: =IF('AUDIT-Q'!$C38=0,"",COUNTIF('AUDIT-Q'!$C38:$J38,RESULTS!G$1)) | H41: =IF('AUDIT-Q'!$C38=0,"",COUNTIF('AUDIT-Q'!$C38:$J38,RESULTS!H$1))
A42: 5.2 | B42: · Inspection and Test Plan | C42: =IF('AUDIT-Q'!$C39=0,"",COUNTIF('AUDIT-Q'!$C39:$J39,RESULTS!C$1)) | D42: =IF('AUDIT-Q'!$C39=0,"",COUNTIF('AUDIT-Q'!$C39:$J39,RESULTS!D$1)) | E42: =IF('AUDIT-Q'!$C39=0,"",COUNTIF('AUDIT-Q'!$C39:$J39,RESULTS!E$1)) | F42: =IF('AUDIT-Q'!$C39=0,"",COUNTIF('AUDIT-Q'!$C39:$J39,RESULTS!F$1)) | G42: =IF('AUDIT-Q'!$C39=0,"",COUNTIF('AUDIT-Q'!$C39:$J39,RESULTS!G$1)) | H42: =IF('AUDIT-Q'!$C39=0,"",COUNTIF('AUDIT-Q'!$C39:$J39,RESULTS!H$1))
A43: 5.3 | B43: · Weld Procedure and Procedure Qualification Record | C43: =IF('AUDIT-Q'!$C40=0,"",COUNTIF('AUDIT-Q'!$C40:$J40,RESULTS!C$1)) | D43: =IF('AUDIT-Q'!$C40=0,"",COUNTIF('AUDIT-Q'!$C40:$J40,RESULTS!D$1)) | E43: =IF('AUDIT-Q'!$C40=0,"",COUNTIF('AUDIT-Q'!$C40:$J40,RESULTS!E$1)) | F43: =IF('AUDIT-Q'!$C40=0,"",COUNTIF('AUDIT-Q'!$C40:$J40,RESULTS!F$1)) | G43: =IF('AUDIT-Q'!$C40=0,"",COUNTIF('AUDIT-Q'!$C40:$J40,RESULTS!G$1)) | H43: =IF('AUDIT-Q'!$C40=0,"",COUNTIF('AUDIT-Q'!$C40:$J40,RESULTS!H$1))
A44: 5.4 | B44: Is a copy of approved Golden Weld Request form attached to JP? | C44: =IF('AUDIT-Q'!$C41=0,"",COUNTIF('AUDIT-Q'!$C41:$J41,RESULTS!C$1)) | D44: =IF('AUDIT-Q'!$C41=0,"",COUNTIF('AUDIT-Q'!$C41:$J41,RESULTS!D$1)) | E44: =IF('AUDIT-Q'!$C41=0,"",COUNTIF('AUDIT-Q'!$C41:$J41,RESULTS!E$1)) | F44: =IF('AUDIT-Q'!$C41=0,"",COUNTIF('AUDIT-Q'!$C41:$J41,RESULTS!F$1)) | G44: =IF('AUDIT-Q'!$C41=0,"",COUNTIF('AUDIT-Q'!$C41:$J41,RESULTS!G$1)) | H44: =IF('AUDIT-Q'!$C41=0,"",COUNTIF('AUDIT-Q'!$C41:$J41,RESULTS!H$1))
A45: 5.5 | B45: If multiple piping isometrics require Golden Weld, is a separate Golden Weld request prepared for each piping isometric/drawing? | C45: =IF('AUDIT-Q'!$C42=0,"",COUNTIF('AUDIT-Q'!$C42:$J42,RESULTS!C$1)) | D45: =IF('AUDIT-Q'!$C42=0,"",COUNTIF('AUDIT-Q'!$C42:$J42,RESULTS!D$1)) | E45: =IF('AUDIT-Q'!$C42=0,"",COUNTIF('AUDIT-Q'!$C42:$J42,RESULTS!E$1)) | F45: =IF('AUDIT-Q'!$C42=0,"",COUNTIF('AUDIT-Q'!$C42:$J42,RESULTS!F$1)) | G45: =IF('AUDIT-Q'!$C42=0,"",COUNTIF('AUDIT-Q'!$C42:$J42,RESULTS!G$1)) | H45: =IF('AUDIT-Q'!$C42=0,"",COUNTIF('AUDIT-Q'!$C42:$J42,RESULTS!H$1))
A46: 5.6 | B46: Can we demonstrate that all other options, to performing a Golden Joint, have been exhausted (e.g. using a Test Plug, introducing Break Flanges or performing a Service Test)? | C46: =IF('AUDIT-Q'!$C43=0,"",COUNTIF('AUDIT-Q'!$C43:$J43,RESULTS!C$1)) | D46: =IF('AUDIT-Q'!$C43=0,"",COUNTIF('AUDIT-Q'!$C43:$J43,RESULTS!D$1)) | E46: =IF('AUDIT-Q'!$C43=0,"",COUNTIF('AUDIT-Q'!$C43:$J43,RESULTS!E$1)) | F46: =IF('AUDIT-Q'!$C43=0,"",COUNTIF('AUDIT-Q'!$C43:$J43,RESULTS!F$1)) | G46: =IF('AUDIT-Q'!$C43=0,"",COUNTIF('AUDIT-Q'!$C43:$J43,RESULTS!G$1)) | H46: =IF('AUDIT-Q'!$C43=0,"",COUNTIF('AUDIT-Q'!$C43:$J43,RESULTS!H$1))
A47: 6 | B47: Hydrotest (Pressure Testing) | C47: =SUM(C48:C66) -> 0 | D47: =SUM(D48:D66) -> 0 | E47: =SUM(E48:E66) -> 0 | F47: =SUM(F48:F66) -> 0 | G47: =SUM(G48:G66) -> 0 | H47: =SUM(H48:H66) -> 0
A48: 6.1 | B48: Are hydrotest pressures clearly stated in the Job Pack and specified on the Piping Isometrics? | C48: =IF('AUDIT-Q'!$C45=0,"",COUNTIF('AUDIT-Q'!$C45:$J45,RESULTS!C$1)) | D48: =IF('AUDIT-Q'!$C45=0,"",COUNTIF('AUDIT-Q'!$C45:$J45,RESULTS!D$1)) | E48: =IF('AUDIT-Q'!$C45=0,"",COUNTIF('AUDIT-Q'!$C45:$J45,RESULTS!E$1)) | F48: =IF('AUDIT-Q'!$C45=0,"",COUNTIF('AUDIT-Q'!$C45:$J45,RESULTS!F$1)) | G48: =IF('AUDIT-Q'!$C45=0,"",COUNTIF('AUDIT-Q'!$C45:$J45,RESULTS!G$1)) | H48: =IF('AUDIT-Q'!$C45=0,"",COUNTIF('AUDIT-Q'!$C45:$J45,RESULTS!H$1))
A49: 6.2 | B49: Is correspondence with the Operations Consultant about hydro-test possibility documented in the job folder? | C49: =IF('AUDIT-Q'!$C46=0,"",COUNTIF('AUDIT-Q'!$C46:$J46,RESULTS!C$1)) | D49: =IF('AUDIT-Q'!$C46=0,"",COUNTIF('AUDIT-Q'!$C46:$J46,RESULTS!D$1)) | E49: =IF('AUDIT-Q'!$C46=0,"",COUNTIF('AUDIT-Q'!$C46:$J46,RESULTS!E$1)) | F49: =IF('AUDIT-Q'!$C46=0,"",COUNTIF('AUDIT-Q'!$C46:$J46,RESULTS!F$1)) | G49: =IF('AUDIT-Q'!$C46=0,"",COUNTIF('AUDIT-Q'!$C46:$J46,RESULTS!G$1)) | H49: =IF('AUDIT-Q'!$C46=0,"",COUNTIF('AUDIT-Q'!$C46:$J46,RESULTS!H$1))
A50: 6.3 | B50: Is hydro-test specified in the Job Pack to be completed AFTER PWHT and BEFORE Coating? | C50: =IF('AUDIT-Q'!$C47=0,"",COUNTIF('AUDIT-Q'!$C47:$J47,RESULTS!C$1)) | D50: =IF('AUDIT-Q'!$C47=0,"",COUNTIF('AUDIT-Q'!$C47:$J47,RESULTS!D$1)) | E50: =IF('AUDIT-Q'!$C47=0,"",COUNTIF('AUDIT-Q'!$C47:$J47,RESULTS!E$1)) | F50: =IF('AUDIT-Q'!$C47=0,"",COUNTIF('AUDIT-Q'!$C47:$J47,RESULTS!F$1)) | G50: =IF('AUDIT-Q'!$C47=0,"",COUNTIF('AUDIT-Q'!$C47:$J47,RESULTS!G$1)) | H50: =IF('AUDIT-Q'!$C47=0,"",COUNTIF('AUDIT-Q'!$C47:$J47,RESULTS!H$1))
A51: 6.4 | B51: If different test pressures apply (e.g. Shop and Field Scopes), are test breaks been clearly indicated? Does Piping of different Pressure Ratings (Line Classes) feature on separate Piping ISO’s? | C51: =IF('AUDIT-Q'!$C48=0,"",COUNTIF('AUDIT-Q'!$C48:$J48,RESULTS!C$1)) | D51: =IF('AUDIT-Q'!$C48=0,"",COUNTIF('AUDIT-Q'!$C48:$J48,RESULTS!D$1)) | E51: =IF('AUDIT-Q'!$C48=0,"",COUNTIF('AUDIT-Q'!$C48:$J48,RESULTS!E$1)) | F51: =IF('AUDIT-Q'!$C48=0,"",COUNTIF('AUDIT-Q'!$C48:$J48,RESULTS!F$1)) | G51: =IF('AUDIT-Q'!$C48=0,"",COUNTIF('AUDIT-Q'!$C48:$J48,RESULTS!G$1)) | H51: =IF('AUDIT-Q'!$C48=0,"",COUNTIF('AUDIT-Q'!$C48:$J48,RESULTS!H$1))
A52: 6.5 | B52: Can we eliminate Field Pressure Testing by replacing an entire spool rather than welding to the existing Spool? | C52: =IF('AUDIT-Q'!$C49=0,"",COUNTIF('AUDIT-Q'!$C49:$J49,RESULTS!C$1)) | D52: =IF('AUDIT-Q'!$C49=0,"",COUNTIF('AUDIT-Q'!$C49:$J49,RESULTS!D$1)) | E52: =IF('AUDIT-Q'!$C49=0,"",COUNTIF('AUDIT-Q'!$C49:$J49,RESULTS!E$1)) | F52: =IF('AUDIT-Q'!$C49=0,"",COUNTIF('AUDIT-Q'!$C49:$J49,RESULTS!F$1)) | G52: =IF('AUDIT-Q'!$C49=0,"",COUNTIF('AUDIT-Q'!$C49:$J49,RESULTS!G$1)) | H52: =IF('AUDIT-Q'!$C49=0,"",COUNTIF('AUDIT-Q'!$C49:$J49,RESULTS!H$1))
A53: 6.6 | B53: Can existing support(s) and new support(s) accommodate the water weight (e.g. elevated Vent and Flare Lines)? | C53: =IF('AUDIT-Q'!$C50=0,"",COUNTIF('AUDIT-Q'!$C50:$J50,RESULTS!C$1)) | D53: =IF('AUDIT-Q'!$C50=0,"",COUNTIF('AUDIT-Q'!$C50:$J50,RESULTS!D$1)) | E53: =IF('AUDIT-Q'!$C50=0,"",COUNTIF('AUDIT-Q'!$C50:$J50,RESULTS!E$1)) | F53: =IF('AUDIT-Q'!$C50=0,"",COUNTIF('AUDIT-Q'!$C50:$J50,RESULTS!F$1)) | G53: =IF('AUDIT-Q'!$C50=0,"",COUNTIF('AUDIT-Q'!$C50:$J50,RESULTS!G$1)) | H53: =IF('AUDIT-Q'!$C50=0,"",COUNTIF('AUDIT-Q'!$C50:$J50,RESULTS!H$1))
A54: 6.7 | B54: Does design allow high point vents and low point drains? Are there any piping pockets that can be eliminated? | C54: =IF('AUDIT-Q'!$C51=0,"",COUNTIF('AUDIT-Q'!$C51:$J51,RESULTS!C$1)) | D54: =IF('AUDIT-Q'!$C51=0,"",COUNTIF('AUDIT-Q'!$C51:$J51,RESULTS!D$1)) | E54: =IF('AUDIT-Q'!$C51=0,"",COUNTIF('AUDIT-Q'!$C51:$J51,RESULTS!E$1)) | F54: =IF('AUDIT-Q'!$C51=0,"",COUNTIF('AUDIT-Q'!$C51:$J51,RESULTS!F$1)) | G54: =IF('AUDIT-Q'!$C51=0,"",COUNTIF('AUDIT-Q'!$C51:$J51,RESULTS!G$1)) | H54: =IF('AUDIT-Q'!$C51=0,"",COUNTIF('AUDIT-Q'!$C51:$J51,RESULTS!H$1))
A55: 6.8 | B55: Do we run a risk that Expanding Hydro-test Media (or Process Commodity for that matter), trapped in any blocked-in cavity, can lead to yielding and/or associated Failure? Does our Design feature the appropriate Thermal Relief Devices or Mitigation? | C55: =IF('AUDIT-Q'!$C52=0,"",COUNTIF('AUDIT-Q'!$C52:$J52,RESULTS!C$1)) | D55: =IF('AUDIT-Q'!$C52=0,"",COUNTIF('AUDIT-Q'!$C52:$J52,RESULTS!D$1)) | E55: =IF('AUDIT-Q'!$C52=0,"",COUNTIF('AUDIT-Q'!$C52:$J52,RESULTS!E$1)) | F55: =IF('AUDIT-Q'!$C52=0,"",COUNTIF('AUDIT-Q'!$C52:$J52,RESULTS!F$1)) | G55: =IF('AUDIT-Q'!$C52=0,"",COUNTIF('AUDIT-Q'!$C52:$J52,RESULTS!G$1)) | H55: =IF('AUDIT-Q'!$C52=0,"",COUNTIF('AUDIT-Q'!$C52:$J52,RESULTS!H$1))
A56: 6.9 | B56: Can we introduce water in the System (e.g. Refractory-lined)? | C56: =IF('AUDIT-Q'!$C53=0,"",COUNTIF('AUDIT-Q'!$C53:$J53,RESULTS!C$1)) | D56: =IF('AUDIT-Q'!$C53=0,"",COUNTIF('AUDIT-Q'!$C53:$J53,RESULTS!D$1)) | E56: =IF('AUDIT-Q'!$C53=0,"",COUNTIF('AUDIT-Q'!$C53:$J53,RESULTS!E$1)) | F56: =IF('AUDIT-Q'!$C53=0,"",COUNTIF('AUDIT-Q'!$C53:$J53,RESULTS!F$1)) | G56: =IF('AUDIT-Q'!$C53=0,"",COUNTIF('AUDIT-Q'!$C53:$J53,RESULTS!G$1)) | H56: =IF('AUDIT-Q'!$C53=0,"",COUNTIF('AUDIT-Q'!$C53:$J53,RESULTS!H$1))
A57: 6.1 | B57: Are there any risks associated with not being able to drain out all water (e.g. Startup Water Hammer)? | C57: =IF('AUDIT-Q'!$C54=0,"",COUNTIF('AUDIT-Q'!$C54:$J54,RESULTS!C$1)) | D57: =IF('AUDIT-Q'!$C54=0,"",COUNTIF('AUDIT-Q'!$C54:$J54,RESULTS!D$1)) | E57: =IF('AUDIT-Q'!$C54=0,"",COUNTIF('AUDIT-Q'!$C54:$J54,RESULTS!E$1)) | F57: =IF('AUDIT-Q'!$C54=0,"",COUNTIF('AUDIT-Q'!$C54:$J54,RESULTS!F$1)) | G57: =IF('AUDIT-Q'!$C54=0,"",COUNTIF('AUDIT-Q'!$C54:$J54,RESULTS!G$1)) | H57: =IF('AUDIT-Q'!$C54=0,"",COUNTIF('AUDIT-Q'!$C54:$J54,RESULTS!H$1))
A58: 6.11 | B58: Does the Piping or Equipment need to be completely dry prior to seeing service (e.g. Instrument Air or Sour Gas Pipeline)? | C58: =IF('AUDIT-Q'!$C55=0,"",COUNTIF('AUDIT-Q'!$C55:$J55,RESULTS!C$1)) | D58: =IF('AUDIT-Q'!$C55=0,"",COUNTIF('AUDIT-Q'!$C55:$J55,RESULTS!D$1)) | E58: =IF('AUDIT-Q'!$C55=0,"",COUNTIF('AUDIT-Q'!$C55:$J55,RESULTS!E$1)) | F58: =IF('AUDIT-Q'!$C55=0,"",COUNTIF('AUDIT-Q'!$C55:$J55,RESULTS!F$1)) | G58: =IF('AUDIT-Q'!$C55=0,"",COUNTIF('AUDIT-Q'!$C55:$J55,RESULTS!G$1)) | H58: =IF('AUDIT-Q'!$C55=0,"",COUNTIF('AUDIT-Q'!$C55:$J55,RESULTS!H$1))
A59: 6.12 | B59: In the case of Jacketed Piping, is the inner (process) pipe specified to be tested based on the highest pressure of the Process and of the Jacketing Medium? | C59: =IF('AUDIT-Q'!$C56=0,"",COUNTIF('AUDIT-Q'!$C56:$J56,RESULTS!C$1)) | D59: =IF('AUDIT-Q'!$C56=0,"",COUNTIF('AUDIT-Q'!$C56:$J56,RESULTS!D$1)) | E59: =IF('AUDIT-Q'!$C56=0,"",COUNTIF('AUDIT-Q'!$C56:$J56,RESULTS!E$1)) | F59: =IF('AUDIT-Q'!$C56=0,"",COUNTIF('AUDIT-Q'!$C56:$J56,RESULTS!F$1)) | G59: =IF('AUDIT-Q'!$C56=0,"",COUNTIF('AUDIT-Q'!$C56:$J56,RESULTS!G$1)) | H59: =IF('AUDIT-Q'!$C56=0,"",COUNTIF('AUDIT-Q'!$C56:$J56,RESULTS!H$1))
... A66: 6.19 | B66: Is Service Test clearly specified on the Piping ISO/Repair Plan and Act Form P-032 included in the Job Pack? | C66: =IF('AUDIT-Q'!$C63=0,"",COUNTIF('AUDIT-Q'!$C63:$J63,RESULTS!C$1)) | D66: =IF('AUDIT-Q'!$C63=0,"",COUNTIF('AUDIT-Q'!$C63:$J63,RESULTS!D$1)) | E66: =IF('AUDIT-Q'!$C63=0,"",COUNTIF('AUDIT-Q'!$C63:$J63,RESULTS!E$1)) | F66: =IF('AUDIT-Q'!$C63=0,"",COUNTIF('AUDIT-Q'!$C63:$J63,RESULTS!F$1)) | G66: =IF('AUDIT-Q'!$C63=0,"",COUNTIF('AUDIT-Q'!$C63:$J63,RESULTS!G$1)) | H66: =IF('AUDIT-Q'!$C63=0,"",COUNTIF('AUDIT-Q'!$C63:$J63,RESULTS!H$1))
A67: 7 | B67: Piping Support | C67: =SUM(C68:C91) -> 0 | D67: =SUM(D68:D91) -> 0 | E67: =SUM(E68:E91) -> 0 | F67: =SUM(F68:F91) -> 0 | G67: =SUM(G68:G91) -> 0 | H67: =SUM(H68:H91) -> 0
A68: 7.1 | B68: Are Pipe supports designed per PIM-DU-5153-TCO (L-ST-2010) ? | C68: =IF('AUDIT-Q'!$C65=0,"",COUNTIF('AUDIT-Q'!$C65:$J65,RESULTS!C$1)) | D68: =IF('AUDIT-Q'!$C65=0,"",COUNTIF('AUDIT-Q'!$C65:$J65,RESULTS!D$1)) | E68: =IF('AUDIT-Q'!$C65=0,"",COUNTIF('AUDIT-Q'!$C65:$J65,RESULTS!E$1)) | F68: =IF('AUDIT-Q'!$C65=0,"",COUNTIF('AUDIT-Q'!$C65:$J65,RESULTS!F$1)) | G68: =IF('AUDIT-Q'!$C65=0,"",COUNTIF('AUDIT-Q'!$C65:$J65,RESULTS!G$1)) | H68: =IF('AUDIT-Q'!$C65=0,"",COUNTIF('AUDIT-Q'!$C65:$J65,RESULTS!H$1))
A69: 7.2 | B69: If Spring Cans or Spring Hangers are used, does Job Pack include instructions to perform site inspection to verify the correct location, proper installation, and that the travel stops are removed? | C69: =IF('AUDIT-Q'!$C66=0,"",COUNTIF('AUDIT-Q'!$C66:$J66,RESULTS!C$1)) | D69: =IF('AUDIT-Q'!$C66=0,"",COUNTIF('AUDIT-Q'!$C66:$J66,RESULTS!D$1)) | E69: =IF('AUDIT-Q'!$C66=0,"",COUNTIF('AUDIT-Q'!$C66:$J66,RESULTS!E$1)) | F69: =IF('AUDIT-Q'!$C66=0,"",COUNTIF('AUDIT-Q'!$C66:$J66,RESULTS!F$1)) | G69: =IF('AUDIT-Q'!$C66=0,"",COUNTIF('AUDIT-Q'!$C66:$J66,RESULTS!G$1)) | H69: =IF('AUDIT-Q'!$C66=0,"",COUNTIF('AUDIT-Q'!$C66:$J66,RESULTS!H$1))
A70: 7.3 | B70: Does the Piping feature any other Proprietary Pipe Supports (e.g. Sway-braces, Snubbers, Rigid Struts, Riser Clamps, Hanger-rods, Pipe Rollers, PTFE Bearing Pads) that justify QC HOLD Points and/or the Responsible DE Engineer or EC performing site inspection to ensure proper installation and functioning? Is this noted in the Job Pack and on related drawings? | C70: =IF('AUDIT-Q'!$C67=0,"",COUNTIF('AUDIT-Q'!$C67:$J67,RESULTS!C$1)) | D70: =IF('AUDIT-Q'!$C67=0,"",COUNTIF('AUDIT-Q'!$C67:$J67,RESULTS!D$1)) | E70: =IF('AUDIT-Q'!$C67=0,"",COUNTIF('AUDIT-Q'!$C67:$J67,RESULTS!E$1)) | F70: =IF('AUDIT-Q'!$C67=0,"",COUNTIF('AUDIT-Q'!$C67:$J67,RESULTS!F$1)) | G70: =IF('AUDIT-Q'!$C67=0,"",COUNTIF('AUDIT-Q'!$C67:$J67,RESULTS!G$1)) | H70: =IF('AUDIT-Q'!$C67=0,"",COUNTIF('AUDIT-Q'!$C67:$J67,RESULTS!H$1))
A71: 7.4 | B71: Are all Pipe Support Ancillaries (e.g. Pipe Clamps, Turn-buckles, Eye-Nuts, etc) included on a MR or related detailed drawings included in the Job Pack? | C71: =IF('AUDIT-Q'!$C68=0,"",COUNTIF('AUDIT-Q'!$C68:$J68,RESULTS!C$1)) | D71: =IF('AUDIT-Q'!$C68=0,"",COUNTIF('AUDIT-Q'!$C68:$J68,RESULTS!D$1)) | E71: =IF('AUDIT-Q'!$C68=0,"",COUNTIF('AUDIT-Q'!$C68:$J68,RESULTS!E$1)) | F71: =IF('AUDIT-Q'!$C68=0,"",COUNTIF('AUDIT-Q'!$C68:$J68,RESULTS!F$1)) | G71: =IF('AUDIT-Q'!$C68=0,"",COUNTIF('AUDIT-Q'!$C68:$J68,RESULTS!G$1)) | H71: =IF('AUDIT-Q'!$C68=0,"",COUNTIF('AUDIT-Q'!$C68:$J68,RESULTS!H$1))
A72: 7.5 | B72: Are nipoflanges used for unsupported small bore piping branch connections to 2” and larger pipe headers? | C72: =IF('AUDIT-Q'!$C69=0,"",COUNTIF('AUDIT-Q'!$C69:$J69,RESULTS!C$1)) | D72: =IF('AUDIT-Q'!$C69=0,"",COUNTIF('AUDIT-Q'!$C69:$J69,RESULTS!D$1)) | E72: =IF('AUDIT-Q'!$C69=0,"",COUNTIF('AUDIT-Q'!$C69:$J69,RESULTS!E$1)) | F72: =IF('AUDIT-Q'!$C69=0,"",COUNTIF('AUDIT-Q'!$C69:$J69,RESULTS!F$1)) | G72: =IF('AUDIT-Q'!$C69=0,"",COUNTIF('AUDIT-Q'!$C69:$J69,RESULTS!G$1)) | H72: =IF('AUDIT-Q'!$C69=0,"",COUNTIF('AUDIT-Q'!$C69:$J69,RESULTS!H$1))
A73: 7.6 | B73: Is the bracing installed on the nipoflange per PIM-DU-5153-TCO, detail GSW1, GSW101, or A20, or approved equal? | C73: =IF('AUDIT-Q'!$C70=0,"",COUNTIF('AUDIT-Q'!$C70:$J70,RESULTS!C$1)) | D73: =IF('AUDIT-Q'!$C70=0,"",COUNTIF('AUDIT-Q'!$C70:$J70,RESULTS!D$1)) | E73: =IF('AUDIT-Q'!$C70=0,"",COUNTIF('AUDIT-Q'!$C70:$J70,RESULTS!E$1)) | F73: =IF('AUDIT-Q'!$C70=0,"",COUNTIF('AUDIT-Q'!$C70:$J70,RESULTS!F$1)) | G73: =IF('AUDIT-Q'!$C70=0,"",COUNTIF('AUDIT-Q'!$C70:$J70,RESULTS!G$1)) | H73: =IF('AUDIT-Q'!$C70=0,"",COUNTIF('AUDIT-Q'!$C70:$J70,RESULTS!H$1))
A74: 7.7 | B74: Is CAESAR II stress analysis required per PIM-DU-5155-TCO for new or modified piping? Are results been properly documented in the job folder? | C74: =IF('AUDIT-Q'!$C71=0,"",COUNTIF('AUDIT-Q'!$C71:$J71,RESULTS!C$1)) | D74: =IF('AUDIT-Q'!$C71=0,"",COUNTIF('AUDIT-Q'!$C71:$J71,RESULTS!D$1)) | E74: =IF('AUDIT-Q'!$C71=0,"",COUNTIF('AUDIT-Q'!$C71:$J71,RESULTS!E$1)) | F74: =IF('AUDIT-Q'!$C71=0,"",COUNTIF('AUDIT-Q'!$C71:$J71,RESULTS!F$1)) | G74: =IF('AUDIT-Q'!$C71=0,"",COUNTIF('AUDIT-Q'!$C71:$J71,RESULTS!G$1)) | H74: =IF('AUDIT-Q'!$C71=0,"",COUNTIF('AUDIT-Q'!$C71:$J71,RESULTS!H$1))
A75: 8 | B75: Materials | C75: =SUM(C76:C82) -> 0 | D75: =SUM(D76:D82) -> 0 | E75: =SUM(E76:E82) -> 0 | F75: =SUM(F76:F82) -> 0 | G75: =SUM(G76:G82) -> 0 | H75: =SUM(H76:H82) -> 0
A76: 8.1 | B76: Are the materials ordered per Minimum Design Temperature? Is Minimum Design Metal Temperature (MDMT) of (-)40oC included in specification for new or replacement fabricated equipment, such as heat exchanger bundles and pressure vessels?" | C76: =IF('AUDIT-Q'!$C73=0,"",COUNTIF('AUDIT-Q'!$C73:$J73,RESULTS!C$1)) | D76: =IF('AUDIT-Q'!$C73=0,"",COUNTIF('AUDIT-Q'!$C73:$J73,RESULTS!D$1)) | E76: =IF('AUDIT-Q'!$C73=0,"",COUNTIF('AUDIT-Q'!$C73:$J73,RESULTS!E$1)) | F76: =IF('AUDIT-Q'!$C73=0,"",COUNTIF('AUDIT-Q'!$C73:$J73,RESULTS!F$1)) | G76: =IF('AUDIT-Q'!$C73=0,"",COUNTIF('AUDIT-Q'!$C73:$J73,RESULTS!G$1)) | H76: =IF('AUDIT-Q'!$C73=0,"",COUNTIF('AUDIT-Q'!$C73:$J73,RESULTS!H$1))
A77: 8.2 | B77: If equipment is fabricated with carbon steel plate, is ASTM or SA 516 Grade 70 Normalized Carbon Steel specified?" | C77: =IF('AUDIT-Q'!$C74=0,"",COUNTIF('AUDIT-Q'!$C74:$J74,RESULTS!C$1)) | D77: =IF('AUDIT-Q'!$C74=0,"",COUNTIF('AUDIT-Q'!$C74:$J74,RESULTS!D$1)) | E77: =IF('AUDIT-Q'!$C74=0,"",COUNTIF('AUDIT-Q'!$C74:$J74,RESULTS!E$1)) | F77: =IF('AUDIT-Q'!$C74=0,"",COUNTIF('AUDIT-Q'!$C74:$J74,RESULTS!F$1)) | G77: =IF('AUDIT-Q'!$C74=0,"",COUNTIF('AUDIT-Q'!$C74:$J74,RESULTS!G$1)) | H77: =IF('AUDIT-Q'!$C74=0,"",COUNTIF('AUDIT-Q'!$C74:$J74,RESULTS!H$1))
A78: 8.3 | B78: Is NACE MR0175/ISO15156 specified when ordering metallic materials? | C78: =IF('AUDIT-Q'!$C75=0,"",COUNTIF('AUDIT-Q'!$C75:$J75,RESULTS!C$1)) | D78: =IF('AUDIT-Q'!$C75=0,"",COUNTIF('AUDIT-Q'!$C75:$J75,RESULTS!D$1)) | E78: =IF('AUDIT-Q'!$C75=0,"",COUNTIF('AUDIT-Q'!$C75:$J75,RESULTS!E$1)) | F78: =IF('AUDIT-Q'!$C75=0,"",COUNTIF('AUDIT-Q'!$C75:$J75,RESULTS!F$1)) | G78: =IF('AUDIT-Q'!$C75=0,"",COUNTIF('AUDIT-Q'!$C75:$J75,RESULTS!G$1)) | H78: =IF('AUDIT-Q'!$C75=0,"",COUNTIF('AUDIT-Q'!$C75:$J75,RESULTS!H$1))
A79: 8.4 | B79: Are applicable Industry Codes included in the Material Requisition (MR), such as ASME, ANSI, ASTM, API, GOST, etc.? | C79: =IF('AUDIT-Q'!$C76=0,"",COUNTIF('AUDIT-Q'!$C76:$J76,RESULTS!C$1)) | D79: =IF('AUDIT-Q'!$C76=0,"",COUNTIF('AUDIT-Q'!$C76:$J76,RESULTS!D$1)) | E79: =IF('AUDIT-Q'!$C76=0,"",COUNTIF('AUDIT-Q'!$C76:$J76,RESULTS!E$1)) | F79: =IF('AUDIT-Q'!$C76=0,"",COUNTIF('AUDIT-Q'!$C76:$J76,RESULTS!F$1)) | G79: =IF('AUDIT-Q'!$C76=0,"",COUNTIF('AUDIT-Q'!$C76:$J76,RESULTS!G$1)) | H79: =IF('AUDIT-Q'!$C76=0,"",COUNTIF('AUDIT-Q'!$C76:$J76,RESULTS!H$1))
A80: 8.5 | B80: Are applicable TCO and Chevron specifications included in MR, such as TCO Pressure Vessel Specification, TCO Heat Exchanger Bundle Specification, etc.? | C80: =IF('AUDIT-Q'!$C77=0,"",COUNTIF('AUDIT-Q'!$C77:$J77,RESULTS!C$1)) | D80: =IF('AUDIT-Q'!$C77=0,"",COUNTIF('AUDIT-Q'!$C77:$J77,RESULTS!D$1)) | E80: =IF('AUDIT-Q'!$C77=0,"",COUNTIF('AUDIT-Q'!$C77:$J77,RESULTS!E$1)) | F80: =IF('AUDIT-Q'!$C77=0,"",COUNTIF('AUDIT-Q'!$C77:$J77,RESULTS!F$1)) | G80: =IF('AUDIT-Q'!$C77=0,"",COUNTIF('AUDIT-Q'!$C77:$J77,RESULTS!G$1)) | H80: =IF('AUDIT-Q'!$C77=0,"",COUNTIF('AUDIT-Q'!$C77:$J77,RESULTS!H$1))
A81: 8.6 | B81: Does this JP deal with Safety Relief Valves (SRV)? Is copy of PSV/SSV data-sheet included in the job folder? | C81: =IF('AUDIT-Q'!$C78=0,"",COUNTIF('AUDIT-Q'!$C78:$J78,RESULTS!C$1)) | D81: =IF('AUDIT-Q'!$C78=0,"",COUNTIF('AUDIT-Q'!$C78:$J78,RESULTS!D$1)) | E81: =IF('AUDIT-Q'!$C78=0,"",COUNTIF('AUDIT-Q'!$C78:$J78,RESULTS!E$1)) | F81: =IF('AUDIT-Q'!$C78=0,"",COUNTIF('AUDIT-Q'!$C78:$J78,RESULTS!F$1)) | G81: =IF('AUDIT-Q'!$C78=0,"",COUNTIF('AUDIT-Q'!$C78:$J78,RESULTS!G$1)) | H81: =IF('AUDIT-Q'!$C78=0,"",COUNTIF('AUDIT-Q'!$C78:$J78,RESULTS!H$1))
A82: 8.7 | B82: Do Safety Valves comply with TES FRS-DU-5056-TCO, FRS-SU-5032-TCO and FRS-SU-5033-TCO? | C82: =IF('AUDIT-Q'!$C79=0,"",COUNTIF('AUDIT-Q'!$C79:$J79,RESULTS!C$1)) | D82: =IF('AUDIT-Q'!$C79=0,"",COUNTIF('AUDIT-Q'!$C79:$J79,RESULTS!D$1)) | E82: =IF('AUDIT-Q'!$C79=0,"",COUNTIF('AUDIT-Q'!$C79:$J79,RESULTS!E$1)) | F82: =IF('AUDIT-Q'!$C79=0,"",COUNTIF('AUDIT-Q'!$C79:$J79,RESULTS!F$1)) | G82: =IF('AUDIT-Q'!$C79=0,"",COUNTIF('AUDIT-Q'!$C79:$J79,RESULTS!G$1)) | H82: =IF('AUDIT-Q'!$C79=0,"",COUNTIF('AUDIT-Q'!$C79:$J79,RESULTS!H$1))
A83: 9 | B83: Galvanic Cell Corrosion | C83: =SUM(C84:C91) -> 0 | D83: =SUM(D84:D91) -> 0 | E83: =SUM(E84:E91) -> 0 | F83: =SUM(F84:F91) -> 0 | G83: =SUM(G84:G91) -> 0 | H83: =SUM(H84:H91) -> 0
A84: 9.1 | B84: If there is a potential for electric continuity/discontinuity complications (Galvanic Cell Corrosion), have Flange Insulating Kits (Pikotek) been employed at all Specification Breaks? | C84: =IF('AUDIT-Q'!$C81=0,"",COUNTIF('AUDIT-Q'!$C81:$J81,RESULTS!C$1)) | D84: =IF('AUDIT-Q'!$C81=0,"",COUNTIF('AUDIT-Q'!$C81:$J81,RESULTS!D$1)) | E84: =IF('AUDIT-Q'!$C81=0,"",COUNTIF('AUDIT-Q'!$C81:$J81,RESULTS!E$1)) | F84: =IF('AUDIT-Q'!$C81=0,"",COUNTIF('AUDIT-Q'!$C81:$J81,RESULTS!F$1)) | G84: =IF('AUDIT-Q'!$C81=0,"",COUNTIF('AUDIT-Q'!$C81:$J81,RESULTS!G$1)) | H84: =IF('AUDIT-Q'!$C81=0,"",COUNTIF('AUDIT-Q'!$C81:$J81,RESULTS!H$1))
A85: 9.2 | B85: Have they been allocated SP Numbers that are indicated on P&IDs? | C85: =IF('AUDIT-Q'!$C82=0,"",COUNTIF('AUDIT-Q'!$C82:$J82,RESULTS!C$1)) | D85: =IF('AUDIT-Q'!$C82=0,"",COUNTIF('AUDIT-Q'!$C82:$J82,RESULTS!D$1)) | E85: =IF('AUDIT-Q'!$C82=0,"",COUNTIF('AUDIT-Q'!$C82:$J82,RESULTS!E$1)) | F85: =IF('AUDIT-Q'!$C82=0,"",COUNTIF('AUDIT-Q'!$C82:$J82,RESULTS!F$1)) | G85: =IF('AUDIT-Q'!$C82=0,"",COUNTIF('AUDIT-Q'!$C82:$J82,RESULTS!G$1)) | H85: =IF('AUDIT-Q'!$C82=0,"",COUNTIF('AUDIT-Q'!$C82:$J82,RESULTS!H$1))
A86: 9.3 | B86: Is correspondence with MI documented to determine potential for galvanic corrosion or referenced Chevron Corrosion Manual? | C86: =IF('AUDIT-Q'!$C83=0,"",COUNTIF('AUDIT-Q'!$C83:$J83,RESULTS!C$1)) | D86: =IF('AUDIT-Q'!$C83=0,"",COUNTIF('AUDIT-Q'!$C83:$J83,RESULTS!D$1)) | E86: =IF('AUDIT-Q'!$C83=0,"",COUNTIF('AUDIT-Q'!$C83:$J83,RESULTS!E$1)) | F86: =IF('AUDIT-Q'!$C83=0,"",COUNTIF('AUDIT-Q'!$C83:$J83,RESULTS!F$1)) | G86: =IF('AUDIT-Q'!$C83=0,"",COUNTIF('AUDIT-Q'!$C83:$J83,RESULTS!G$1)) | H86: =IF('AUDIT-Q'!$C83=0,"",COUNTIF('AUDIT-Q'!$C83:$J83,RESULTS!H$1))
A87: 9.4 | B87: Has an IWR been generated to involve I&E? | C87: =IF('AUDIT-Q'!$C84=0,"",COUNTIF('AUDIT-Q'!$C84:$J84,RESULTS!C$1)) | D87: =IF('AUDIT-Q'!$C84=0,"",COUNTIF('AUDIT-Q'!$C84:$J84,RESULTS!D$1)) | E87: =IF('AUDIT-Q'!$C84=0,"",COUNTIF('AUDIT-Q'!$C84:$J84,RESULTS!E$1)) | F87: =IF('AUDIT-Q'!$C84=0,"",COUNTIF('AUDIT-Q'!$C84:$J84,RESULTS!F$1)) | G87: =IF('AUDIT-Q'!$C84=0,"",COUNTIF('AUDIT-Q'!$C84:$J84,RESULTS!G$1)) | H87: =IF('AUDIT-Q'!$C84=0,"",COUNTIF('AUDIT-Q'!$C84:$J84,RESULTS!H$1))
A88: 9.5 | B88: Is Impressed Current Cathodic Protection (ICCP) being inadvertently compromised on Pipelines by un-isolated Pipe Supports and/or by Instrumentation downstream of Monolithic Insulation Joints? | C88: =IF('AUDIT-Q'!$C85=0,"",COUNTIF('AUDIT-Q'!$C85:$J85,RESULTS!C$1)) | D88: =IF('AUDIT-Q'!$C85=0,"",COUNTIF('AUDIT-Q'!$C85:$J85,RESULTS!D$1)) | E88: =IF('AUDIT-Q'!$C85=0,"",COUNTIF('AUDIT-Q'!$C85:$J85,RESULTS!E$1)) | F88: =IF('AUDIT-Q'!$C85=0,"",COUNTIF('AUDIT-Q'!$C85:$J85,RESULTS!F$1)) | G88: =IF('AUDIT-Q'!$C85=0,"",COUNTIF('AUDIT-Q'!$C85:$J85,RESULTS!G$1)) | H88: =IF('AUDIT-Q'!$C85=0,"",COUNTIF('AUDIT-Q'!$C85:$J85,RESULTS!H$1))
A89: 9.6 | B89: Is sufficient Flanged Interfaces been provided for I&E to insulate Instrumentation? | C89: =IF('AUDIT-Q'!$C86=0,"",COUNTIF('AUDIT-Q'!$C86:$J86,RESULTS!C$1)) | D89: =IF('AUDIT-Q'!$C86=0,"",COUNTIF('AUDIT-Q'!$C86:$J86,RESULTS!D$1)) | E89: =IF('AUDIT-Q'!$C86=0,"",COUNTIF('AUDIT-Q'!$C86:$J86,RESULTS!E$1)) | F89: =IF('AUDIT-Q'!$C86=0,"",COUNTIF('AUDIT-Q'!$C86:$J86,RESULTS!F$1)) | G89: =IF('AUDIT-Q'!$C86=0,"",COUNTIF('AUDIT-Q'!$C86:$J86,RESULTS!G$1)) | H89: =IF('AUDIT-Q'!$C86=0,"",COUNTIF('AUDIT-Q'!$C86:$J86,RESULTS!H$1))
A90: 9.7 | B90: If Monolithic Insulation Joints are being installed on Sour Gas Pipeline, have the Insulation Joints been ordered complete with Pups welded on and PWHT performed Ex-works? | C90: =IF('AUDIT-Q'!$C87=0,"",COUNTIF('AUDIT-Q'!$C87:$J87,RESULTS!C$1)) | D90: =IF('AUDIT-Q'!$C87=0,"",COUNTIF('AUDIT-Q'!$C87:$J87,RESULTS!D$1)) | E90: =IF('AUDIT-Q'!$C87=0,"",COUNTIF('AUDIT-Q'!$C87:$J87,RESULTS!E$1)) | F90: =IF('AUDIT-Q'!$C87=0,"",COUNTIF('AUDIT-Q'!$C87:$J87,RESULTS!F$1)) | G90: =IF('AUDIT-Q'!$C87=0,"",COUNTIF('AUDIT-Q'!$C87:$J87,RESULTS!G$1)) | H90: =IF('AUDIT-Q'!$C87=0,"",COUNTIF('AUDIT-Q'!$C87:$J87,RESULTS!H$1))
A91: 9.8 | B91: Is Continuity Testing noted in the Job Pack and specified on the Piping ISO to ensure that Flange Insulation Kit / Insulation Joint Integrity is intact following Construction? | C91: =IF('AUDIT-Q'!$C88=0,"",COUNTIF('AUDIT-Q'!$C88:$J88,RESULTS!C$1)) | D91: =IF('AUDIT-Q'!$C88=0,"",COUNTIF('AUDIT-Q'!$C88:$J88,RESULTS!D$1)) | E91: =IF('AUDIT-Q'!$C88=0,"",COUNTIF('AUDIT-Q'!$C88:$J88,RESULTS!E$1)) | F91: =IF('AUDIT-Q'!$C88=0,"",COUNTIF('AUDIT-Q'!$C88:$J88,RESULTS!F$1)) | G91: =IF('AUDIT-Q'!$C88=0,"",COUNTIF('AUDIT-Q'!$C88:$J88,RESULTS!G$1)) | H91: =IF('AUDIT-Q'!$C88=0,"",COUNTIF('AUDIT-Q'!$C88:$J88,RESULTS!H$1))
A92: 10 | B92: Safety in Designs | C92: =SUM(C93:C98) -> #REF! | D92: =SUM(D93:D98) -> #REF! | E92: =SUM(E93:E98) -> #REF! | F92: =SUM(F93:F98) -> #REF! | G92: =SUM(G93:G98) -> #REF! | H92: =SUM(H93:H98) -> #REF!
A93: 10.1 | B93: Does the new mechanical design comply with Safety In Designs (SID)? | C93: =IF('AUDIT-Q'!$C90=0,"",COUNTIF('AUDIT-Q'!$C90:$J90,RESULTS!C$1)) | D93: =IF('AUDIT-Q'!$C90=0,"",COUNTIF('AUDIT-Q'!$C90:$J90,RESULTS!D$1)) | E93: =IF('AUDIT-Q'!$C90=0,"",COUNTIF('AUDIT-Q'!$C90:$J90,RESULTS!E$1)) | F93: =IF('AUDIT-Q'!$C90=0,"",COUNTIF('AUDIT-Q'!$C90:$J90,RESULTS!F$1)) | G93: =IF('AUDIT-Q'!$C90=0,"",COUNTIF('AUDIT-Q'!$C90:$J90,RESULTS!G$1)) | H93: =IF('AUDIT-Q'!$C90=0,"",COUNTIF('AUDIT-Q'!$C90:$J90,RESULTS!H$1))
A94: 10.2 | B94: Does our Job Pack include a General Arrangement drawing where it is important to demonstrate SID Compliance, specifically in terms of Emergency Egress? | C94: =IF('AUDIT-Q'!$C91=0,"",COUNTIF('AUDIT-Q'!$C91:$J91,RESULTS!C$1)) | D94: =IF('AUDIT-Q'!$C91=0,"",COUNTIF('AUDIT-Q'!$C91:$J91,RESULTS!D$1)) | E94: =IF('AUDIT-Q'!$C91=0,"",COUNTIF('AUDIT-Q'!$C91:$J91,RESULTS!E$1)) | F94: =IF('AUDIT-Q'!$C91=0,"",COUNTIF('AUDIT-Q'!$C91:$J91,RESULTS!F$1)) | G94: =IF('AUDIT-Q'!$C91=0,"",COUNTIF('AUDIT-Q'!$C91:$J91,RESULTS!G$1)) | H94: =IF('AUDIT-Q'!$C91=0,"",COUNTIF('AUDIT-Q'!$C91:$J91,RESULTS!H$1))
A95: 10.3 | B95: Have we applied due diligence in terms of Constructability, Operability and Maintainability and of Personnel Access and Egress in general? | C95: =IF('AUDIT-Q'!$C92=0,"",COUNTIF('AUDIT-Q'!$C92:$J92,RESULTS!C$1)) | D95: =IF('AUDIT-Q'!$C92=0,"",COUNTIF('AUDIT-Q'!$C92:$J92,RESULTS!D$1)) | E95: =IF('AUDIT-Q'!$C92=0,"",COUNTIF('AUDIT-Q'!$C92:$J92,RESULTS!E$1)) | F95: =IF('AUDIT-Q'!$C92=0,"",COUNTIF('AUDIT-Q'!$C92:$J92,RESULTS!F$1)) | G95: =IF('AUDIT-Q'!$C92=0,"",COUNTIF('AUDIT-Q'!$C92:$J92,RESULTS!G$1)) | H95: =IF('AUDIT-Q'!$C92=0,"",COUNTIF('AUDIT-Q'!$C92:$J92,RESULTS!H$1))
A96: 10.4 | B96: Have we ensured that Valve and Instrumentation Access complies with Discipline Requirements reflected in other TCO Specifications? | C96: =IF('AUDIT-Q'!$C93=0,"",COUNTIF('AUDIT-Q'!$C93:$J93,RESULTS!C$1)) | D96: =IF('AUDIT-Q'!$C93=0,"",COUNTIF('AUDIT-Q'!$C93:$J93,RESULTS!D$1)) | E96: =IF('AUDIT-Q'!$C93=0,"",COUNTIF('AUDIT-Q'!$C93:$J93,RESULTS!E$1)) | F96: =IF('AUDIT-Q'!$C93=0,"",COUNTIF('AUDIT-Q'!$C93:$J93,RESULTS!F$1)) | G96: =IF('AUDIT-Q'!$C93=0,"",COUNTIF('AUDIT-Q'!$C93:$J93,RESULTS!G$1)) | H96: =IF('AUDIT-Q'!$C93=0,"",COUNTIF('AUDIT-Q'!$C93:$J93,RESULTS!H$1))
A97: 10.5 | B97: Have we ensured that Lifting Access/Aids have been engineered where Operations/Maintenance-related Components are regularly accessed (e.g. Donuts-and-Skillets, Hammer Blinds, Strainer Baskets, Filter Elements, Swing-Elbows, etc)? | C97: =IF('AUDIT-Q'!#REF!=0,"",COUNTIF('AUDIT-Q'!#REF!,RESULTS!C$1)) -> #REF! | D97: =IF('AUDIT-Q'!#REF!=0,"",COUNTIF('AUDIT-Q'!#REF!,RESULTS!D$1)) -> #REF! | E97: =IF('AUDIT-Q'!#REF!=0,"",COUNTIF('AUDIT-Q'!#REF!,RESULTS!E$1)) -> #REF! | F97: =IF('AUDIT-Q'!#REF!=0,"",COUNTIF('AUDIT-Q'!#REF!,RESULTS!F$1)) -> #REF! | G97: =IF('AUDIT-Q'!#REF!=0,"",COUNTIF('AUDIT-Q'!#REF!,RESULTS!G$1)) -> #REF! | H97: =IF('AUDIT-Q'!#REF!=0,"",COUNTIF('AUDIT-Q'!#REF!,RESULTS!H$1)) -> #REF!
A98: 10.6 | B98: If design doesn not comply with SID because of original pre-joint venture construction, are alternatives with Operations and Loss Prevention been discussed to select the appropriate alternative? Is justification provided for non-compliance? Is it documented in the job folder? Does isometric drawing indicate items that are not in compliance with SID? | C98: =IF('AUDIT-Q'!#REF!=0,"",COUNTIF('AUDIT-Q'!#REF!,RESULTS!C$1)) -> #REF! | D98: =IF('AUDIT-Q'!#REF!=0,"",COUNTIF('AUDIT-Q'!#REF!,RESULTS!D$1)) -> #REF! | E98: =IF('AUDIT-Q'!#REF!=0,"",COUNTIF('AUDIT-Q'!#REF!,RESULTS!E$1)) -> #REF! | F98: =IF('AUDIT-Q'!#REF!=0,"",COUNTIF('AUDIT-Q'!#REF!,RESULTS!F$1)) -> #REF! | G98: =IF('AUDIT-Q'!#REF!=0,"",COUNTIF('AUDIT-Q'!#REF!,RESULTS!G$1)) -> #REF! | H98: =IF('AUDIT-Q'!#REF!=0,"",COUNTIF('AUDIT-Q'!#REF!,RESULTS!H$1)) -> #REF!
A99: 11 | B99: Miscellaneous | C99: =SUM(C100:C107) -> #REF! | D99: =SUM(D100:D107) -> #REF! | E99: =SUM(E100:E107) -> #REF! | F99: =SUM(F100:F107) -> #REF! | G99: =SUM(G100:G107) -> #REF! | H99: =SUM(H100:H107) -> #REF!
A100: 11.1 | B100: If Repairs or Modifications to GGT Registered Equipment are required, is an Equipment Repair Plan issued which specifies step-by-step instructions, procedures and hold-points? | C100: =IF('AUDIT-Q'!$C95=0,"",COUNTIF('AUDIT-Q'!$C95:$J95,RESULTS!C$1)) | D100: =IF('AUDIT-Q'!$C95=0,"",COUNTIF('AUDIT-Q'!$C95:$J95,RESULTS!D$1)) | E100: =IF('AUDIT-Q'!$C95=0,"",COUNTIF('AUDIT-Q'!$C95:$J95,RESULTS!E$1)) | F100: =IF('AUDIT-Q'!$C95=0,"",COUNTIF('AUDIT-Q'!$C95:$J95,RESULTS!F$1)) | G100: =IF('AUDIT-Q'!$C95=0,"",COUNTIF('AUDIT-Q'!$C95:$J95,RESULTS!G$1)) | H100: =IF('AUDIT-Q'!$C95=0,"",COUNTIF('AUDIT-Q'!$C95:$J95,RESULTS!H$1))
A101: 11.2 | B101: Where Paint and Protective Coatings for Piping and Equipment is required, is it specified per COM-SU-5191-TCO and appropriate COATING SYSTEM DATA SHEET included in the Job Pack? | C101: =IF('AUDIT-Q'!$C96=0,"",COUNTIF('AUDIT-Q'!$C96:$J96,RESULTS!C$1)) | D101: =IF('AUDIT-Q'!$C96=0,"",COUNTIF('AUDIT-Q'!$C96:$J96,RESULTS!D$1)) | E101: =IF('AUDIT-Q'!$C96=0,"",COUNTIF('AUDIT-Q'!$C96:$J96,RESULTS!E$1)) | F101: =IF('AUDIT-Q'!$C96=0,"",COUNTIF('AUDIT-Q'!$C96:$J96,RESULTS!F$1)) | G101: =IF('AUDIT-Q'!$C96=0,"",COUNTIF('AUDIT-Q'!$C96:$J96,RESULTS!G$1)) | H101: =IF('AUDIT-Q'!$C96=0,"",COUNTIF('AUDIT-Q'!$C96:$J96,RESULTS!H$1))
A102: 11.3 | B102: Is Insulation for Piping and Equipment specified per IRM-SU-1381/2634/3865/4197 and COM-SU-5220? Is appropriate insulation table(s) included in the Job Pack? | C102: =IF('AUDIT-Q'!$C97=0,"",COUNTIF('AUDIT-Q'!$C97:$J97,RESULTS!C$1)) | D102: =IF('AUDIT-Q'!$C97=0,"",COUNTIF('AUDIT-Q'!$C97:$J97,RESULTS!D$1)) | E102: =IF('AUDIT-Q'!$C97=0,"",COUNTIF('AUDIT-Q'!$C97:$J97,RESULTS!E$1)) | F102: =IF('AUDIT-Q'!$C97=0,"",COUNTIF('AUDIT-Q'!$C97:$J97,RESULTS!F$1)) | G102: =IF('AUDIT-Q'!$C97=0,"",COUNTIF('AUDIT-Q'!$C97:$J97,RESULTS!G$1)) | H102: =IF('AUDIT-Q'!$C97=0,"",COUNTIF('AUDIT-Q'!$C97:$J97,RESULTS!H$1))
A103: 11.4 | B103: Have we ensured that U/G Piping only feature fully waterproof-cladded Cellular Glass Insulation, complete with Vapor Barrier in the case of U/G Steel Piping? | C103: =IF('AUDIT-Q'!$C98=0,"",COUNTIF('AUDIT-Q'!$C98:$J98,RESULTS!C$1)) | D103: =IF('AUDIT-Q'!$C98=0,"",COUNTIF('AUDIT-Q'!$C98:$J98,RESULTS!D$1)) | E103: =IF('AUDIT-Q'!$C98=0,"",COUNTIF('AUDIT-Q'!$C98:$J98,RESULTS!E$1)) | F103: =IF('AUDIT-Q'!$C98=0,"",COUNTIF('AUDIT-Q'!$C98:$J98,RESULTS!F$1)) | G103: =IF('AUDIT-Q'!$C98=0,"",COUNTIF('AUDIT-Q'!$C98:$J98,RESULTS!G$1)) | H103: =IF('AUDIT-Q'!$C98=0,"",COUNTIF('AUDIT-Q'!$C98:$J98,RESULTS!H$1))
A104: 11.5 | B104: If steam tracing is indicated in the Job Pack, are the mechanical details included in the JP? Does MR include those materials? | C104: =IF('AUDIT-Q'!$C99=0,"",COUNTIF('AUDIT-Q'!$C99:$J99,RESULTS!C$1)) | D104: =IF('AUDIT-Q'!$C99=0,"",COUNTIF('AUDIT-Q'!$C99:$J99,RESULTS!D$1)) | E104: =IF('AUDIT-Q'!$C99=0,"",COUNTIF('AUDIT-Q'!$C99:$J99,RESULTS!E$1)) | F104: =IF('AUDIT-Q'!$C99=0,"",COUNTIF('AUDIT-Q'!$C99:$J99,RESULTS!F$1)) | G104: =IF('AUDIT-Q'!$C99=0,"",COUNTIF('AUDIT-Q'!$C99:$J99,RESULTS!G$1)) | H104: =IF('AUDIT-Q'!$C99=0,"",COUNTIF('AUDIT-Q'!$C99:$J99,RESULTS!H$1))
A105: 11.6 | B105: If the project involves repair/installation of corrosion coupons, is the appropriate corrosion coupon specified and purchased? | C105: =IF('AUDIT-Q'!$C100=0,"",COUNTIF('AUDIT-Q'!$C100:$J100,RESULTS!C$1)) | D105: =IF('AUDIT-Q'!$C100=0,"",COUNTIF('AUDIT-Q'!$C100:$J100,RESULTS!D$1)) | E105: =IF('AUDIT-Q'!$C100=0,"",COUNTIF('AUDIT-Q'!$C100:$J100,RESULTS!E$1)) | F105: =IF('AUDIT-Q'!$C100=0,"",COUNTIF('AUDIT-Q'!$C100:$J100,RESULTS!F$1)) | G105: =IF('AUDIT-Q'!$C100=0,"",COUNTIF('AUDIT-Q'!$C100:$J100,RESULTS!G$1)) | H105: =IF('AUDIT-Q'!$C100=0,"",COUNTIF('AUDIT-Q'!$C100:$J100,RESULTS!H$1))
A106: 11.7 | B106: If the project involves refractory, was it specified correctly? | C106: =IF('AUDIT-Q'!$C101=0,"",COUNTIF('AUDIT-Q'!$C101:$J101,RESULTS!C$1)) | D106: =IF('AUDIT-Q'!$C101=0,"",COUNTIF('AUDIT-Q'!$C101:$J101,RESULTS!D$1)) | E106: =IF('AUDIT-Q'!$C101=0,"",COUNTIF('AUDIT-Q'!$C101:$J101,RESULTS!E$1)) | F106: =IF('AUDIT-Q'!$C101=0,"",COUNTIF('AUDIT-Q'!$C101:$J101,RESULTS!F$1)) | G106: =IF('AUDIT-Q'!$C101=0,"",COUNTIF('AUDIT-Q'!$C101:$J101,RESULTS!G$1)) | H106: =IF('AUDIT-Q'!$C101=0,"",COUNTIF('AUDIT-Q'!$C101:$J101,RESULTS!H$1))
...

Sheet List of JPs
B1: FE LOG# | C1: JDE EWR# | D1: Title | E1: Position | F1: Group | G1: AFE | H1: Auditors | I1: Date | J1: Audit Findings (Summary for Review Meeting)
A2: EXAMPLE | B2: 14-017 | C2: 568591 | D2: KTL2.1, U500, Pipeline replacement from ЕА-501 | E2: dent9 | F2: KTL TA | G2: MEJ/OPEX | H2: Daniyar Z./Jim W. | I2: 42156 | J2: Nothing Significant to Report
A3: 1
A4: 2
A5: 3
A6: 4
A7: 5
A8: 6
A9: 7
A10: 8
A11: 9
A12: 10
A13: 11
A14: 12
... A33: 31
